CG6108,CG6108-PA-2096,1,0
CG3338,CG3338-PA-1377,23,1
BCL7-like,BCL7-like-PA-123,0,4
HLHm3,HLHm3-PA-142,0,7
mop,mop-PA-4947,2,0
SA,SA-PA-1264,2,0
CG3045,CG3045-PA-1362,0,27
CG32795,CG32795-PA-942,20,26
CG10672,CG10672-PA-382,8,5
fry,fry-PB-9289,2,3
GlyP,GlyP-PA-1686,17,21
Syx13,Syx13-PA-141,0,3
CG17211,CG17211-PA-678,1,0
CG8494,CG8494-PA-2039,0,22
CG31638,CG31638-PA-1071,14,0
CG9961,CG9961-PA-1023,1,0
alpha4GT1,alpha4GT1-PA-867,38,3
l(2)37Bb,l(2)37Bb-PA-1518,0,48
EfTuM,EfTuM-PA-1246,2,2
CG10005,CG10005-PA-312,0,6
Clect27,Clect27-PA-476,0,1
vir,vir-PA-5325,36,0
Spn,Spn-PB-5179,6,0
CG6308,CG6308-PA-560,0,109
Fak56D,Fak56D-PA-3072,11,13
Nmda1,Nmda1-PA-394,1,2
CG3065,CG3065-PA-723,7,0
CG33061,CG33061-PB-849,1,0
CG12375,CG12375-PA-459,0,2
CG13185,CG13185-PB-9612,0,6
CG18178,CG18178-PA-389,4,0
CG4389,CG4389-PA-2278,6,13
bbx,bbx-PB-1707,2,3
CG31759,CG31759-PC-1654,6,7
dom,dom-PA-4986,4,2
CG31918,CG31918-PA-453,0,26
CG31918,CG31918-PA-450,1,0
CG3262,CG3262-PD-258,1,0
CG3662,CG3662-PA-856,1,0
CG2202,CG2202-PA-1558,2,0
CG18011,CG18011-PA-2386,4,0
CG42268,CG42268-PD-4148,1,1
Tsp42Ei,Tsp42Ei-PA-600,0,2
kon,kon-PB-834,0,2
CG4866,CG4866-PA-252,1,0
Aats-cys,Aats-cys-PA-1486,8,0
CG8134,CG8134-PA-270,0,1
CG1140,CG1140-PA-919,4,0
CG7183,CG7183-PA-1318,0,3
CG42669,CG42669-PE-3639,9,6
imd,imd-PA-774,73,52
klu,klu-PA-2307,0,3
Nup107,Nup107-PA-1335,4,4
CG14692,CG14692-PC-3794,1,0
Dip-C,Dip-C-PA-1446,0,21
RpL13,RpL13-PB-282,0,1
eIF2B-alpha,eIF2B-alpha-PA-899,0,2
Hr38,Hr38-PB-241,1,0
twi,twi-PA-623,0,3
CG6129,CG6129-PD-2763,85,0
Actr13E,Actr13E-PA-1181,3,0
CG3500,CG3500-PA-379,1,0
ana1,ana1-PA-5004,0,9
mRpL32,mRpL32-PA-440,0,2
CG9515,CG9515-PA-324,3,8
CG1578,CG1578-PA-1981,0,25
CG34391,CG34391-PB-355,0,2
CG32533,CG32533-PA-2751,52,0
tsh,tsh-PA-1386,1,1
CG13792,CG13792-PA-2028,3,0
aft,aft-PA-2037,31,38
CG15634,CG15634-PA-197,3,0
Smyd4,Smyd4-PA-1827,0,2
l(2)k05819,l(2)k05819-PA-2988,0,1
CG9231,CG9231-PA-30,7,0
CG32982,CG32982-PA-6,0,1
lox2,lox2-PA-507,0,1
CG42630,CG42630-PA-78,1,0
CG33465,CG33465-PC-100,5,0
Try29F,Try29F-PC-612,3,2
CG30323,CG30323-PB-761,0,1
CG14322,CG14322-PA-3750,9,15
CG10413,CG10413-PA-2518,6,2
mod(mdg4),mod(mdg4)-PC-1354,3,0
CTPsyn,CTPsyn-PA-481,0,2
CG12539,CG12539-PA-1695,1,0
rtv,rtv-PA-408,186,0
CTPsyn,CTPsyn-PB-938,2,0
Smg1,Smg1-PA-9255,0,1
CG7759,CG7759-PA-887,1,0
hpo,hpo-PA-912,2,0
NTPase,NTPase-PA-1218,7,0
CG33138,CG33138-PA-1713,35,18
mtSSB,mtSSB-PA-18,4,5
CG11162,CG11162-PA-523,0,4
CG14881,CG14881-PA-608,1,0
Ugt,Ugt-PA-3867,3,4
CG31648,CG31648-PA-626,0,4
Tis11,Tis11-PA-1069,3,0
CG13506,CG13506-PA-372,3,3
RhoGEF4,RhoGEF4-PA-1751,4,6
CG33017,CG33017-PB-508,2,0
zip,zip-PA-4185,1,6
Aats-glupro,Aats-glupro-PA-1413,4,0
CG32699,CG32699-PA-381,1,0
CG5745,CG5745-PA-1495,2,0
CG13138,CG13138-PA-701,0,1
CG34424,CG34424-PA-541,0,3
CG7414,CG7414-PA-822,21,14
hbn,hbn-PA-1081,1,0
CG9548,CG9548-PA-116,231,231
RhoGAP15B,RhoGAP15B-PB-3761,0,6
Pole2,Pole2-PA-381,2,0
CG31102,CG31102-PA-495,5,0
Aats-met,Aats-met-PA-856,0,1
CG31191,CG31191-PA-293,1,0
CG4407,CG4407-PA-453,0,4
CG11241,CG11241-PA-261,1,1
MED16,MED16-PA-720,0,2
CG32251,CG32251-PA-617,0,1
CG18178,CG18178-PA-698,0,2
wts,wts-PA-3081,2,0
CG7110,CG7110-PB-1904,1,4
Taf11,Taf11-PA-391,11,4
yellow-b,yellow-b-PA-1015,1,1
mam,mam-PA-3883,0,3
dbr,dbr-PB-2994,22,26
CG13204,CG13204-PA-1785,27,24
CG34104,CG34104-PA-253,6,6
Cpr11A,Cpr11A-PA-168,3,0
La,La-PA-1062,6,5
Pka-R1,Pka-R1-PAA-441,3,0
Pdsw,Pdsw-PA-436,0,110
Brd8,Brd8-PA-1002,2,0
TppII,TppII-PA-2199,25,0
cno,cno-PC-3886,3,0
CG3348,CG3348-PA-79,4,0
CG2493,CG2493-PA-1095,155,246
Psc,Psc-PA-4561,0,4
CG43164,CG43164-PC-793,5,0
msb1l,msb1l-PA-53,0,1
Ext2,Ext2-PA-739,0,3
Sec61beta,Sec61beta-PA-157,1,1
CG7414,CG7414-PA-1632,0,73
lectin-28C,lectin-28C-PB-695,18,7
enok,enok-PA-4045,1,0
CG10466,CG10466-PA-373,1,1
GckIII,GckIII-PA-1882,1,0
Rtf1,Rtf1-PA-2070,6,6
DOR,DOR-PC-12,0,16
CG9389,CG9389-PA-936,0,7
CG5037,CG5037-PA-291,9,8
CG15609,CG15609-PB-865,0,1
DNApol-eta,DNApol-eta-PA-540,0,2
CG10289,CG10289-PA-2221,1,0
CG18213,CG18213-PB-2409,19,12
milt,milt-PA-2435,0,18
CG5177,CG5177-PA-207,19,35
CG7920,CG7920-PA-1297,76,70
scramb1,scramb1-PA-777,3,0
blos2,blos2-PA-261,12,0
CG5522,CG5522-PA-745,1,0
CG8270,CG8270-PB-175,0,1
inx3,inx3-PA-378,6,6
Sse,Sse-PA-1871,0,10
CG14215,CG14215-PA-3874,3,3
CG31041,CG31041-PA-537,3,0
hbs,hbs-PA-2611,0,1
CG14478,CG14478-PA-479,0,2
CG14866,CG14866-PA-282,3,301
Bka,Bka-PA-537,24,24
sxc,sxc-PA-3141,0,3
Start1,Start1-PA-1668,1,0
CG8207,CG8207-PA-210,1,2
mib1,mib1-PA-2959,0,4
Msh6,Msh6-PA-3086,6,9
CG5084,CG5084-PA-105,0,2
Fit2,Fit2-PA-1790,0,3
Droj2,Droj2-PA-890,6,3
betaTub97EF,betaTub97EF-PA-963,1,0
CG5626,CG5626-PA-535,32,0
CG30389,CG30389-PA-2466,0,2
Pi3K59F,Pi3K59F-PA-2349,2,0
Rme-8,Rme-8-PA-6783,1,3
CG15440,CG15440-PA-48,0,8
l(1)G0045,l(1)G0045-PA-1569,0,2
CG7137,CG7137-PA-384,0,2
CG30194,CG30194-PB-2049,0,3
CG12910,CG12910-PA-1225,0,1
DLP,DLP-PA-2671,1,1
CG6404,CG6404-PA-34,1,0
Est-P,Est-P-PA-232,0,2
Cnx99A,Cnx99A-PA-1305,54,0
CG32202,CG32202-PA-139,0,9
CG7627,CG7627-PA-2124,2,5
DNApol-epsilon,DNApol-epsilon-PA-6048,20,0
CG7137,CG7137-PA-921,4,9
CG7372,CG7372-PA-2361,13,9
mys,mys-PA-2284,42,23
CG6230,CG6230-PA-3409,2,0
CG6472,CG6472-PA-153,0,1
CG17364,CG17364-PA-1824,0,2
dom,dom-PA-7776,0,1
CG7371,CG7371-PA-943,37,42
CG10561,CG10561-PA-1132,3,3
Ets97D,Ets97D-PA-1182,0,4
CG1317,CG1317-PB-1381,0,15
Acn,Acn-PA-1900,364,308
dally,dally-PA-1197,0,1
fu2,fu2-PA-1373,0,1
fu2,fu2-PA-1375,3,4
CG42514,CG42514-PA-1014,13,34
Pvf1,Pvf1-PA-387,0,2
lola,lola-PD-1569,3,1
CG6051,CG6051-PB-2410,10,7
CG3437,CG3437-PB-790,17,0
Smg5,Smg5-PA-3352,7,6
nudC,nudC-PA-841,19,0
JHDM2,JHDM2-PA-610,0,1
mask,mask-PA-11562,2,0
CG42357,CG42357-PA-809,8,0
CG30098,CG30098-PA-726,1,0
clos,clos-PD-5407,1,2
thetaTry,thetaTry-PA-600,1,0
htl,htl-PA-1911,3,1
CG8297,CG8297-PA-207,7,0
Kr-h1,Kr-h1-PA-2220,33,3
imd,imd-PA-138,0,5
Aats-thr,Aats-thr-PA-1308,417,0
CG18788,CG18788-PB-446,1,0
CG43154,CG43154-PB-3061,1,0
Apc,Apc-PA-7036,0,2
Den1,Den1-PA-502,7,9
CG31287,CG31287-PA-647,1,0
l(3)07882,l(3)07882-PA-2150,1,0
CG6404,CG6404-PA-1290,12,15
CG4080,CG4080-PA-1300,9,0
Khc-73,Khc-73-PA-4848,1,1
CG15814,CG15814-PA-503,0,19
Nop60B,Nop60B-PA-754,0,1
CG42669,CG42669-PA-378,23,7
RhoGAP15B,RhoGAP15B-PB-2114,1,0
okr,okr-PA-1716,14,11
NiPp1,NiPp1-PA-1115,6,11
CG13827,CG13827-PA-267,12,7
CG4933,CG4933-PA-777,3,3
CG18190,CG18190-PB-87,29,29
row,row-PA-717,1,0
CG14757,CG14757-PA-400,0,1
Nf1,Nf1-PB-7471,0,2
Cg25C,Cg25C-PA-1677,2,0
X11Lbeta,X11Lbeta-PA-3751,1,0
CG5591,CG5591-PA-4161,92,104
CG4670,CG4670-PA-1354,2,0
CG14961,CG14961-PA-61,1,0
MBD-like,MBD-like-PA-907,5,0
CG42697,CG42697-PA-228,0,2
Gadd34,Gadd34-PA-255,0,2
Sox15,Sox15-PA-1626,0,6
CG10730,CG10730-PA-1078,0,1
CG17019,CG17019-PA-1629,1,4
chif,chif-PA-4422,0,2
CG34417,CG34417-PD-7145,0,3
UGP,UGP-PA-1228,2,1
org-1,org-1-PA-1924,1,0
CG2974,CG2974-PB-225,23,13
CG15087,CG15087-PA-457,1,0
Or67d,Or67d-PA-218,1,2
Or67d,Or67d-PA-217,0,1
h,h-PA-762,2,0
Ppn,Ppn-PC-5320,52,56
CG31714,CG31714-PB-1383,2,0
U26,U26-PA-2895,1,4
CG14258,CG14258-PA-101,1,1
Nrx-IV,Nrx-IV-PA-823,0,1
CG1965,CG1965-PA-1098,1,0
l(2)06496,l(2)06496-PA-525,987,0
vls,vls-PA-1052,1,3
CG7830,CG7830-PA-129,1,6
Drp1,Drp1-PA-1751,20,21
crl,crl-PA-300,0,7
p38c,p38c-PA-161,0,1
wda,wda-PA-2048,2,0
CG1753,CG1753-PA-1423,8,0
Bet1,Bet1-PA-294,54,51
obst-B,obst-B-PA-417,29,86
Acp53Ea,Acp53Ea-PA-81,0,1
CG5555,CG5555-PA-982,2,1
CG1461,CG1461-PA-1230,5,0
Nap1,Nap1-PA-108,30,34
CG2145,CG2145-PA-1213,2,1
Prosbeta1,Prosbeta1-PA-382,3,5
bocksbeutel,bocksbeutel-PA-417,0,1
neo,neo-PA-1536,18,0
CG8290,CG8290-PB-3094,1,0
CG14339,CG14339-PA-1891,1,0
poe,poe-PA-3232,5,0
Bre1,Bre1-PA-2691,2,0
CG11877,CG11877-PA-201,2,3
CG6766,CG6766-PA-326,0,6
CG5126,CG5126-PA-1035,8,13
CG16888,CG16888-PA-295,0,3
CG31533,CG31533-PA-1780,1,0
CG15925,CG15925-PA-319,1,0
CG4459,CG4459-PA-1779,6,0
ema,ema-PA-1045,1,0
chas,chas-PA-1512,1,0
CG5190,CG5190-PA-900,5,11
primo-1,primo-1-PA-363,2,0
Plap,Plap-PA-1797,2,5
CG11319,CG11319-PA-688,1,0
Sply,Sply-PA-1548,1,24
Smr,Smr-PA-10207,9,0
Reg-2,Reg-2-PA-721,69,5
WDR79,WDR79-PA-313,0,3
CG31467,CG31467-PA-1171,2,0
CG4041,CG4041-PB-429,0,1
CG10383,CG10383-PA-1081,0,3
CG5397,CG5397-PA-1531,0,4
lama,lama-PA-1347,0,28
Rrp1,Rrp1-PA-1316,21,0
CG34195,CG34195-PA-618,5,4
Traf4,Traf4-PA-697,3,4
5-HT1A,5-HT1A-PA-139,0,13
Tis11,Tis11-PA-1035,1,0
Atg4,Atg4-PA-741,0,7
CG43179,CG43179-PA-102,18,0
Eno,Eno-PA-202,36,56
Cep97,Cep97-PB-1527,0,2
CG14476,CG14476-PA-2681,6,9
CG7131,CG7131-PA-621,1,0
Aats-his,Aats-his-PA-666,0,3
CG8290,CG8290-PB-3111,3,0
borr,borr-PA-718,0,2
CG43293,CG43293-PA-65,1,0
U3-55K,U3-55K-PA-1071,32,62
CG10069,CG10069-PA-767,1,0
CG6241,CG6241-PA-2364,1,131
CG6241,CG6241-PA-2363,3,0
CG33303,CG33303-PA-859,0,5
CG12880,CG12880-PA-477,0,58
CG42747,CG42747-PC-856,0,2
N,N-PA-7554,0,4
CG14183,CG14183-PA-577,3,0
Cyp12a4,Cyp12a4-PA-197,0,2
MTA1-like,MTA1-like-PC-40,0,1
MED17,MED17-PA-1420,0,2
por,por-PA-930,0,1
CG17660,CG17660-PA-423,0,2
18w,18w-PA-3756,10,0
epsilonCOP,epsilonCOP-PA-748,20,33
Hsp83,Hsp83-PA-351,3,7
mei-41,mei-41-PA-5923,0,2
CG11727,CG11727-PA-2274,0,6
shot,shot-PH-4996,2,0
Brf,Brf-PA-1602,0,1
CG14516,CG14516-PA-1305,1,0
CG7137,CG7137-PA-938,22,27
CG33785,CG33785-PA-237,2,0
CG34424,CG34424-PA-285,0,4
CG4797,CG4797-PA-1221,121,0
MED20,MED20-PA-641,3,0
nop5,nop5-PA-634,2,0
Rrp1,Rrp1-PA-1299,1,0
Nup62,Nup62-PA-892,1,1
CG13126,CG13126-PA-92,0,1
Sap130,Sap130-PA-2373,2,2
CG15784,CG15784-PA-1639,3,7
l(2)35Be,l(2)35Be-PA-313,43,9
CG43338,CG43338-PA-12,0,1
MED16,MED16-PA-2399,31,0
row,row-PA-3513,0,46
Traf6,Traf6-PA-1269,3,5
CG31755,CG31755-PB-3802,2,0
CG15087,CG15087-PA-826,0,2
CG2943,CG2943-PA-2327,0,1
CG6418,CG6418-PB-1944,0,13
inaE,inaE-PA-1224,3,0
Ank2,Ank2-PF-6296,3,0
Xbp1,Xbp1-PC-186,7,10
l(2)01810,l(2)01810-PA-1215,0,11
CG9775,CG9775-PD-932,0,2
CG33080,CG33080-PA-1443,0,1
Hsp67Ba,Hsp67Ba-PA-972,49,67
Csk,Csk-PF-2017,1,0
CG5149,CG5149-PA-1179,1,1
Ube3a,Ube3a-PA-1030,0,1
CG2145,CG2145-PA-1290,38,38
cact,cact-PA-1150,1,2
CG14277,CG14277-PA-401,0,4
CG11784,CG11784-PA-603,0,5
CG2183,CG2183-PA-550,2,3
Rtf1,Rtf1-PA-1659,0,2
CG42284,CG42284-PC-1722,2,0
msl-1,msl-1-PA-2278,7,3
pyd3,pyd3-PA-636,1,0
vls,vls-PA-270,0,3
CG30410,CG30410-PB-666,9,17
Ac78C,Ac78C-PB-3407,0,1
Best4,Best4-PB-82,3,0
CG17298,CG17298-PA-256,1,0
RhoGAP15B,RhoGAP15B-PB-3753,2,0
CG8031,CG8031-PA-340,2,0
CG15073,CG15073-PA-1452,2,0
polo,polo-PA-1329,2,2
CG5463,CG5463-PA-913,0,2
Esyt2,Esyt2-PA-1285,2,1
CG43052,CG43052-PA-32,1,0
CG10602,CG10602-PB-801,289,0
CG15674,CG15674-PA-970,0,6
CG6752,CG6752-PA-232,1,0
Jarid2,Jarid2-PD-6414,7,2
D19B,D19B-PA-1977,0,20
Cyp310a1,Cyp310a1-PA-78,2,0
Spt5,Spt5-PA-3080,74,55
CG42321,CG42321-PE-2500,0,1
CG5316,CG5316-PB-753,0,6
sano,sano-PA-450,0,2
ImpL3,ImpL3-PA-966,52,0
CG32088,CG32088-PA-2551,1,2
CG33786,CG33786-PA-708,0,8
CG12325,CG12325-PA-2148,8,10
CG16758,CG16758-PB-483,1,0
dsd,dsd-PB-3309,0,1
CG15744,CG15744-PA-3510,2,3
ste24a,ste24a-PA-1277,284,0
Pole2,Pole2-PA-994,6,0
CG18619,CG18619-PD-126,0,2
CG7512,CG7512-PC-1597,1,0
CG1105,CG1105-PA-223,4,0
CG34417,CG34417-PC-18,0,1
mfrn,mfrn-PA-586,0,1
salr,salr-PA-2469,1,0
CG13801,CG13801-PA-375,0,183
l(2)not,l(2)not-PA-231,0,4
Dscam,Dscam-PA-4561,2,0
dgt3,dgt3-PB-1158,0,2
colt,colt-PA-815,0,3
CG3500,CG3500-PA-380,0,1
Chc,Chc-PA-4999,7,0
CG10688,CG10688-PA-376,3,0
CG16868,CG16868-PA-4080,0,2
Vha68-2,Vha68-2-PA-942,7,14
CG43347,CG43347-PB-2600,0,1
CG5731,CG5731-PA-499,45,65
Ndc80,Ndc80-PA-1661,0,1
Art2,Art2-PA-942,1,0
Set2,Set2-PA-1473,0,1
CG7739,CG7739-PA-844,5,4
tral,tral-PA-1710,32,20
Hsp83,Hsp83-PA-2119,15,14
GlyP,GlyP-PA-1094,6,3
Rcd4,Rcd4-PA-496,0,2
CG16742,CG16742-PA-3910,0,2
Stam,Stam-PA-1566,0,1
Updo,Updo-PA-756,6,0
Ir76a,Ir76a-PE-136,2,0
mam,mam-PA-4374,3,3
Gef64C,Gef64C-PA-5418,1,0
CG9953,CG9953-PA-1056,4,10
row,row-PA-718,0,3
sals,sals-PA-1152,1,0
CG4610,CG4610-PA-1620,30,32
janA,janA-PA-139,31,39
CG3448,CG3448-PB-249,242,150
RhoGAPp190,RhoGAPp190-PA-3072,0,7
CG13624,CG13624-PA-2250,0,1
olf186-M,olf186-M-PA-245,28,0
Ast-CC,Ast-CC-PB-132,0,1
MCPH1,MCPH1-PA-1779,34,18
CG7394,CG7394-PA-141,0,3
CG8712,CG8712-PA-910,3,2
PI4KIIIalpha,PI4KIIIalpha-PC-5169,2,0
Msp-300,Msp-300-PB-22546,0,14
hrg,hrg-PA-1483,4,2
gatA,gatA-PA-984,8,9
pgant2,pgant2-PA-1761,0,1
CG18178,CG18178-PA-715,0,116
Mcr,Mcr-PA-3400,1,0
CG13130,CG13130-PA-180,16,0
CG34001,CG34001-PB-241,6,0
CG1673,CG1673-PA-951,0,5
CG1136,CG1136-PA-1180,1,0
CG7884,CG7884-PA-997,2,0
SMSr,SMSr-PA-1326,0,5
Ent2,Ent2-PA-94,3,0
Top1,Top1-PA-2833,150,0
Mctp,Mctp-PA-544,1,0
CG3520,CG3520-PA-3504,15,16
CG5527,CG5527-PA-1621,0,1
CG18815,CG18815-PA-57,15,0
CG7706,CG7706-PA-1923,2,0
Kr-h1,Kr-h1-PA-1647,5,7
Fdxh,Fdxh-PA-441,0,14
CG11808,CG11808-PA-631,1,1
betaNACtes4,betaNACtes4-PA-73,0,2
CG5704,CG5704-PA-960,2,0
ald,ald-PA-1003,15,5
CG11529,CG11529-PA-45,1,3
CG8531,CG8531-PA-1326,39,26
Irp-1B,Irp-1B-PA-2184,0,12
mahj,mahj-PA-3543,26,15
Egfr,Egfr-PA-3825,2,9
mTTF,mTTF-PA-46,7,0
alien,alien-PA-1140,3,0
CG10265,CG10265-PA-703,2,0
retm,retm-PA-212,0,1
pall,pall-PA-667,1,0
CG11836,CG11836-PA-483,1,3
CG14299,CG14299-PC-6873,6,0
CG9147,CG9147-PA-751,7,15
Cep135,Cep135-PA-2391,0,6
Atg9,Atg9-PA-2190,4,0
fab1,fab1-PA-3002,0,2
a6,a6-PA-979,23,24
Or67a,Or67a-PA-298,1,0
CG10960,CG10960-PB-204,1,1
mu2,mu2-PA-2933,7,0
CG12263,CG12263-PA-844,1,0
mud,mud-PF-5685,4,7
CG31029,CG31029-PA-135,1,0
CG15614,CG15614-PA-1285,1,0
unc79,unc79-PB-549,0,1
CG33785,CG33785-PA-270,5,7
kto,kto-PA-6882,2,0
Cpsf73,Cpsf73-PA-1173,1,0
CG15028,CG15028-PD-2882,0,1
AIF,AIF-PA-668,5,0
zetaCOP,zetaCOP-PA-171,245,0
CG3294,CG3294-PA-1291,0,49
gukh,gukh-PA-5065,0,1
ninaC,ninaC-PB-4104,4,3
Fit2,Fit2-PA-858,0,2
CG31413,CG31413-PA-1672,0,21
CG13295,CG13295-PA-842,0,386
CG12262,CG12262-PA-345,5,2
CG5789,CG5789-PA-3780,4,2
Ptpa,Ptpa-PA-107,0,5
CG6509,CG6509-PA-5328,6,12
CG16791,CG16791-PA-2562,0,8
sda,sda-PA-3082,0,1
bon,bon-PA-2211,4,0
Spn5,Spn5-PA-138,1,0
Ef2b,Ef2b-PC-2262,2,0
CG12268,CG12268-PA-868,0,1
garz,garz-PA-2574,1,0
LRP1,LRP1-PC-10449,0,1
CG11123,CG11123-PA-1638,1,6
CG17211,CG17211-PA-3784,4,1
CG30089,CG30089-PA-3372,0,6
CG30122,CG30122-PB-2179,118,114
Src64B,Src64B-PB-634,1,0
CG34347,CG34347-PB-4246,0,9
CG6847,CG6847-PA-1317,3,0
CheB53b,CheB53b-PA-162,0,1
Patronin,Patronin-PA-4536,12,6
wapl,wapl-PA-2298,0,1
CG2543,CG2543-PA-1254,0,1
Spn47C,Spn47C-PA-708,2,9
vir,vir-PA-52,0,1
CG6414,CG6414-PA-1150,0,1
Hmgs,Hmgs-PA-200,1,0
JHDM2,JHDM2-PA-2169,1,0
sofe,sofe-PA-1742,3,0
CG5171,CG5171-PA-681,0,1
CG13436,CG13436-PA-1589,0,5
CG6051,CG6051-PB-2916,8,3
CG5001,CG5001-PA-433,2,0
mbm,mbm-PA-1578,88,63
RpS15Aa,RpS15Aa-PF-166,1,0
Gr5a,Gr5a-PA-993,0,1
Parg,Parg-PB-2125,1,0
CG1239,CG1239-PA-654,1,4
Sc2,Sc2-PA-436,2,2
Rrp4,Rrp4-PA-671,3,5
CG8778,CG8778-PA-751,2,0
CG7044,CG7044-PA-1696,0,1
tankyrase,tankyrase-PA-3172,1,2
CG9497,CG9497-PA-483,0,5
pall,pall-PA-279,1,0
CG16799,CG16799-PA-48,0,12
CG8207,CG8207-PA-741,8,9
CG10561,CG10561-PA-1147,3,1
Gr64f,Gr64f-PA-1363,1,0
CG32702,CG32702-PB-10504,3,2
U3-55K,U3-55K-PA-658,0,1
CG5604,CG5604-PA-6741,0,4
Dys,Dys-PA-7411,0,1
Lis-1,Lis-1-PA-551,1,1
CG3209,CG3209-PB-456,12,6
Hel25E,Hel25E-PA-408,10,9
Hrb98DE,Hrb98DE-PA-984,36,34
Ugt37b1,Ugt37b1-PA-650,0,1
lwr,lwr-PA-462,16,27
CG42354,CG42354-PA-673,0,1
Ppat-Dpck,Ppat-Dpck-PA-1450,6,6
CG7369,CG7369-PA-1137,4,0
CG7369,CG7369-PA-1134,0,3
proPO-A1,proPO-A1-PA-2016,5,10
eIF-2beta,eIF-2beta-PA-667,2,0
gammaSnap,gammaSnap-PA-78,10,12
CG2818,CG2818-PA-1218,2,0
CG13334,CG13334-PA-92,0,1
mRpL32,mRpL32-PA-504,221,159
CG31728,CG31728-PC-1408,30,25
btsz,btsz-PB-2858,0,1
CG3700,CG3700-PA-345,7,10
CG4302,CG4302-PA-1109,0,2
l(2)08717,l(2)08717-PA-888,0,1
E(z),E(z)-PA-1416,9,11
CG14857,CG14857-PA-1270,1,0
RecQ5,RecQ5-PB-3115,61,0
salr,salr-PA-2472,0,1
Chi,Chi-PA-1564,129,0
CG9300,CG9300-PA-1678,258,241
Eip55E,Eip55E-PA-194,0,8
msl-1,msl-1-PA-1911,1,0
CG10211,CG10211-PA-2709,0,3
CycC,CycC-PA-479,2,0
CycC,CycC-PA-478,3,3
CG31800,CG31800-PA-480,5,20
caup,caup-PA-2014,3,2
Phm,Phm-PA-966,15,23
Jarid2,Jarid2-PD-6594,1,0
ast,ast-PA-2011,0,2
CG42709,CG42709-PA-1227,131,151
CG1234,CG1234-PA-786,2,0
CG9286,CG9286-PA-747,4,4
CG15083,CG15083-PA-421,5,5
Vinc,Vinc-PA-2046,1,1
Abi,Abi-PA-544,0,2
Edem2,Edem2-PA-49,0,1
CG1542,CG1542-PA-213,14,15
capu,capu-PA-3153,21,16
CG1486,CG1486-PA-1740,2,1
TM4SF,TM4SF-PB-162,0,786
CG3529,CG3529-PB-441,0,2
Mfap1,Mfap1-PA-369,1,0
mod(mdg4),mod(mdg4)-PP-1483,7,0
CG14626,CG14626-PA-536,1,0
Smg1,Smg1-PA-4625,23,0
Ino80,Ino80-PA-4877,0,5
Dgkepsilon,Dgkepsilon-PA-1307,86,0
Strn-Mlck,Strn-Mlck-PD-16440,1,0
d,d-PA-2017,0,1
mud,mud-PF-7074,0,1
shark,shark-PA-2076,2,0
Irc,Irc-PA-1567,2,0
5PtaseI,5PtaseI-PB-1131,4,3
CG14815,CG14815-PA-1795,0,9
Spt3,Spt3-PA-868,0,1
CG7371,CG7371-PA-286,0,1
CG4797,CG4797-PA-1107,0,1
CG8100,CG8100-PA-1537,0,1
scaf6,scaf6-PA-1078,0,3
CG11178,CG11178-PA-1617,20,21
Cyp310a1,Cyp310a1-PA-1140,0,36
CG3609,CG3609-PA-661,0,1
faf,faf-PA-6574,5,1
Pepck,Pepck-PA-1455,8,0
capu,capu-PD-273,0,1
CG11009,CG11009-PA-523,57,94
Gmd,Gmd-PA-843,5,1
CG2260,CG2260-PA-1179,120,34
Sply,Sply-PA-1434,0,13
CG11893,CG11893-PA-483,0,1
Ucp4B,Ucp4B-PA-244,7,4
CG6796,CG6796-PA-744,48,0
Hmgs,Hmgs-PA-930,0,3
CG31473,CG31473-PA-213,0,1
alphaPS5,alphaPS5-PA-2472,3,0
pie,pie-PA-504,4,0
CG9886,CG9886-PA-1212,12,4
nvy,nvy-PA-1824,1,0
CG42500,CG42500-PA-187,1,5
Btk29A,Btk29A-PA-1353,14,0
CG33158,CG33158-PB-2895,2,0
Dl,Dl-PA-2250,5,8
CG42268,CG42268-PD-4165,56,30
CG33506,CG33506-PA-549,0,1
sqz,sqz-PA-213,2,0
Ank2,Ank2-PF-6345,0,1
Ank2,Ank2-PF-3830,0,2
CG8449,CG8449-PA-1194,3,3
CG5045,CG5045-PA-565,2,3
CG7183,CG7183-PA-1335,3,1
CG5524,CG5524-PA-2229,10,12
CG32206,CG32206-PB-3069,0,2
CG9062,CG9062-PB-321,3,3
Dot,Dot-PA-166,0,4
Nup154,Nup154-PA-1795,0,1
CG14980,CG14980-PB-1018,7,3
CG43164,CG43164-PC-887,0,1
Sep1,Sep1-PA-478,4,1
dp,dp-PC-28298,2,0
CG33655,CG33655-PB-243,0,3
CG5623,CG5623-PA-190,0,70
mRpS29,mRpS29-PA-670,9,6
sro,sro-PA-688,0,3
CG7376,CG7376-PA-3568,1,3
CG31694,CG31694-PA-714,1,3
l(1)G0196,l(1)G0196-PI-3963,0,1
CG6310,CG6310-PA-484,0,1
CG7739,CG7739-PA-837,9,7
CG34424,CG34424-PA-48,2,0
CG15358,CG15358-PA-1076,1,0
Tpi,Tpi-PA-285,0,1
CG31120,CG31120-PA-1595,0,1
CG7506,CG7506-PA-113,5,12
CG15824,CG15824-PA-4884,1,0
CG17565,CG17565-PA-1049,33,33
CG5589,CG5589-PA-115,7,6
CG3502,CG3502-PB-2506,5,4
CG4586,CG4586-PA-1516,0,1
CG33758,CG33758-PA-423,0,1
CstF-64,CstF-64-PA-822,0,4
CG8177,CG8177-PA-2671,0,1
CG18507,CG18507-PA-1527,6,2
slow,slow-PA-130,0,1
melt,melt-PB-2601,0,3
CG2941,CG2941-PA-2104,0,3
l(2)08717,l(2)08717-PA-653,2,0
katanin-60,katanin-60-PA-231,0,2
CG4896,CG4896-PC-2665,5,0
Dys,Dys-PH-10503,0,3
tatl,tatl-PB-619,0,5
tatl,tatl-PB-617,0,2
klar,klar-PA-3109,0,1
mirr,mirr-PA-1608,2,1
CG5555,CG5555-PA-952,1,3
CG5835,CG5835-PA-630,0,44
Gr28b,Gr28b-PC-132,1,0
dgt3,dgt3-PB-1417,2,1
Cip4,Cip4-PA-828,0,1
Smc5,Smc5-PE-2878,14,0
CG6841,CG6841-PA-2600,0,35
ihog,ihog-PA-1944,5,4
CG6739,CG6739-PA-1318,9,2
chm,chm-PA-1723,4,21
CG8771,CG8771-PB-3099,2,0
CG3163,CG3163-PA-548,1,0
CG18048,CG18048-PA-484,6,0
Dcr-2,Dcr-2-PA-4786,2,0
Spn6,Spn6-PA-779,1,0
NiPp1,NiPp1-PA-1037,0,1
pb,pb-PA-750,0,1
trr,trr-PC-7190,0,6
CG17230,CG17230-PA-891,1,0
Aly,Aly-PA-491,18,32
pcm,pcm-PA-2523,0,2
Cap,Cap-PA-2938,0,5
Gef26,Gef26-PA-3931,0,2
pgant5,pgant5-PA-1829,14,0
CG4662,CG4662-PA-834,0,3
CG12333,CG12333-PA-1264,0,1
CG9350,CG9350-PA-91,0,1
Pi3K59F,Pi3K59F-PA-2620,19,21
CG11396,CG11396-PA-798,0,18
CG5664,CG5664-PA-2088,5,11
Pdsw,Pdsw-PA-419,0,5
CG4554,CG4554-PA-7869,0,21
Slimp,Slimp-PA-499,0,5
Hmgcr,Hmgcr-PA-86,2,0
Toll-4,Toll-4-PA-3328,0,1
rn,rn-PC-1717,0,1
CG15905,CG15905-PB-469,1,0
wit,wit-PA-2119,0,1
CG11652,CG11652-PA-1179,72,0
CG3493,CG3493-PA-4309,0,2
gukh,gukh-PA-3063,8,4
row,row-PA-3252,1,2
Mgstl,Mgstl-PA-423,917,906
thr,thr-PB-1881,0,7
CG14471,CG14471-PB-840,1,0
CG15087,CG15087-PA-1433,22,0
CG1637,CG1637-PC-618,2,0
CG10069,CG10069-PA-169,0,3
Mt2,Mt2-PA-34,29,0
conv,conv-PA-2603,1,0
CG11208,CG11208-PA-1173,0,2
CG32113,CG32113-PB-8263,1,0
CG2076,CG2076-PA-865,1,1
l(2)34Fd,l(2)34Fd-PA-450,1,0
CG5274,CG5274-PA-1017,0,88
Ucp4A,Ucp4A-PA-705,0,2
DLP,DLP-PA-3405,13,4
CG7137,CG7137-PA-708,1,1
18w,18w-PA-3618,16,22
CG42487,CG42487-PA-788,2,0
mus205,mus205-PA-5496,0,1
CG4980,CG4980-PA-216,3,14
CG30177,CG30177-PA-554,1,0
ndl,ndl-PA-5158,0,1201
pelo,pelo-PA-643,1,0
dsf,dsf-PA-305,82,0
Ntf-2r,Ntf-2r-PA-298,1,0
Sap130,Sap130-PA-3424,6,0
CG34295,CG34295-PA-162,0,1
CG42671,CG42671-PB-3558,1,5
CG9086,CG9086-PA-5398,3,3
CG5522,CG5522-PA-2044,1,0
CG3004,CG3004-PA-307,1,0
CG42666,CG42666-PA-2223,0,1
Fbp1,Fbp1-PA-2883,23,15
CG4558,CG4558-PA-390,2,6
grass,grass-PA-740,0,2
CG33523,CG33523-PA-84,10,66
CG6984,CG6984-PA-555,1,0
CG7922,CG7922-PA-3453,2,0
CG7922,CG7922-PA-3452,1,0
mbl,mbl-PA-580,0,1
Patr-1,Patr-1-PA-2012,0,1
CG9986,CG9986-PA-483,1,0
Nmdar1,Nmdar1-PA-2054,2,0
CG9525,CG9525-PA-255,0,1
yrt,yrt-PA-2112,24,0
CG5189,CG5189-PA-175,6,0
CG7985,CG7985-PA-909,4,2
Nacalpha,Nacalpha-PA-220,6,5
stc,stc-PA-3222,4,2
TRAM,TRAM-PA-108,27,17
Pbprp4,Pbprp4-PA-453,0,1
CG1418,CG1418-PA-511,29,14
CG10226,CG10226-PA-384,0,1
pbl,pbl-PA-1369,0,1
CG7985,CG7985-PA-1050,2,2
CG6094,CG6094-PA-198,39,35
Smg1,Smg1-PA-9265,6,0
Rcd4,Rcd4-PA-507,4,1
sty,sty-PB-1569,5,2
CG10467,CG10467-PA-502,19,2
CG9747,CG9747-PA-1018,1,0
CG1681,CG1681-PA-169,1,0
CG4586,CG4586-PA-1598,2,0
bin,bin-PA-103,7,1
Sin3A,Sin3A-PB-5717,0,5
msl-2,msl-2-PA-1267,0,2
CG31937,CG31937-PA-921,19,0
CG4820,CG4820-PB-866,2,0
CG3349,CG3349-PB-1336,2,0
B-H2,B-H2-PA-528,1,0
CG10289,CG10289-PA-2515,0,17
apt,apt-PA-281,1,1
RpL7-like,RpL7-like-PA-543,345,239
OstStt3,OstStt3-PA-180,0,1
CG4945,CG4945-PA-391,1,0
MED14,MED14-PA-4178,7,0
Es2,Es2-PA-1227,6,4
ird5,ird5-PB-1643,0,2
Lap1,Lap1-PA-1251,10,4
Myt1,Myt1-PA-875,2,0
r-cup,r-cup-PA-1491,1,0
CG3295,CG3295-PA-1036,2,0
nkd,nkd-PA-2715,1,1
CG8486,CG8486-PE-7416,2,0
Sec16,Sec16-PD-3273,0,1
CG33786,CG33786-PA-456,2,0
CG14610,CG14610-PB-342,1,0
CG31782,CG31782-PA-287,0,2
Drep-1,Drep-1-PA-465,2,38
Gef26,Gef26-PA-2884,1,0
Gap69C,Gap69C-PA-172,1,0
CG2938,CG2938-PB-886,0,1
CG8833,CG8833-PA-2631,13,0
CG1673,CG1673-PA-963,3,0
alphaTub67C,alphaTub67C-PA-969,0,2
alphaTub67C,alphaTub67C-PA-965,68,0
CG9346,CG9346-PA-1161,2,0
fidipidine,fidipidine-PA-1527,0,49
CG2812,CG2812-PA-414,66,96
CG30283,CG30283-PB-730,11,6
Pten,Pten-PA-423,5,1
CG12493,CG12493-PA-333,2,0
CG5630,CG5630-PA-897,41,45
Chro,Chro-PA-1726,18,30
spdo,spdo-PA-1600,2,0
TM9SF4,TM9SF4-PA-1292,1,0
unc79,unc79-PB-6829,1,0
CG6488,CG6488-PA-444,0,1
sty,sty-PB-1449,0,2
CG9143,CG9143-PA-1846,1,0
sec15,sec15-PA-1675,0,2
yip2,yip2-PA-1088,7,8
cdi,cdi-PA-2265,2,3
nimC2,nimC2-PA-258,3,0
CG32681,CG32681-PA-2712,0,11
CG8740,CG8740-PA-2545,0,1
Blimp-1,Blimp-1-PA-3538,3,1
DLP,DLP-PA-2499,0,1
Ugt37a1,Ugt37a1-PA-605,69,0
Ugt37a1,Ugt37a1-PA-604,0,22
CG9007,CG9007-PA-3412,0,1
cdc14,cdc14-PA-270,0,1
Dpit47,Dpit47-PA-324,0,19
Or47b,Or47b-PA-188,0,1
CG18262,CG18262-PA-1051,0,2
CG12877,CG12877-PC-2960,0,32
CG18563,CG18563-PB-788,0,2
CG18563,CG18563-PB-789,1,0
CG8297,CG8297-PA-182,10,21
Chi,Chi-PA-1273,0,2
CG15533,CG15533-PA-685,1,0
fry,fry-PB-10217,6,0
RpL17,RpL17-PB-428,0,1
CG18815,CG18815-PA-532,3,5
CG34383,CG34383-PB-2730,0,1
CG6796,CG6796-PA-453,3,16
CG32264,CG32264-PG-1391,0,1
Pep,Pep-PB-642,3,8
sei,sei-PA-1961,2,4
Yp2,Yp2-PA-1164,0,1
Hsp26,Hsp26-PA-335,0,4
Trs23,Trs23-PA-181,2,5
Taf1,Taf1-PA-4686,5,0
mip120,mip120-PA-2691,0,1
Spt5,Spt5-PA-1473,4,2
CG11902,CG11902-PB-4029,5,5
CG7328,CG7328-PA-75,0,6
ds,ds-PA-10027,2,3
Doc3,Doc3-PA-417,5,4
CG13895,CG13895-PA-1214,17,0
ldlCp,ldlCp-PA-544,1,2
CG4496,CG4496-PA-821,2,0
IntS8,IntS8-PA-2528,0,9
Dys,Dys-PA-2715,0,7
CG1753,CG1753-PA-1440,393,0
Cdc27,Cdc27-PA-1823,6,12
CG8494,CG8494-PA-2022,0,1
uif,uif-PA-7471,1,0
Pros25,Pros25-PA-334,0,2
CG31957,CG31957-PA-25,3,0
CG11779,CG11779-PA-669,0,1
Tbp-1,Tbp-1-PA-565,1,8
CG31121,CG31121-PA-2044,5,11
Flo,Flo-PA-63,0,1
Rpn11,Rpn11-PA-268,2,0
CG9444,CG9444-PA-1134,0,2
RPA2,RPA2-PA-124,0,1
CG16894,CG16894-PA-453,2,0
CG4749,CG4749-PA-1479,0,4
CG8093,CG8093-PA-1182,129,0
CG7889,CG7889-PA-878,36,24
CG15094,CG15094-PA-1248,5,0
CG5597,CG5597-PA-687,0,1
CG18213,CG18213-PB-718,2,0
lox,lox-PA-518,1,0
mrn,mrn-PA-510,0,1
CG34293,CG34293-PA-49,0,1
CG32199,CG32199-PA-27,1,0
CG10092,CG10092-PA-1769,1,0
CG7837,CG7837-PA-2422,5,0
CG5792,CG5792-PA-962,0,1
mr,mr-PA-661,4,0
CG31759,CG31759-PC-943,0,3
CG5522,CG5522-PA-1731,5,6
CG31638,CG31638-PA-183,5,0
Aats-gln,Aats-gln-PA-1218,21,18
dve,dve-PA-2733,7,8
Cht6,Cht6-PC-1611,0,5
toe,toe-PA-1560,1,0
Fbp1,Fbp1-PA-663,1,0
Cog3,Cog3-PA-2076,11,0
Ten-m,Ten-m-PB-102,1,3
CG14892,CG14892-PA-785,1,0
CG1827,CG1827-PB-748,0,1
retm,retm-PA-529,1,0
CG33303,CG33303-PA-876,0,20
CG14357,CG14357-PB-888,1,0
D12,D12-PA-2269,0,49
CG17612,CG17612-PA-334,3,0
CG5214,CG5214-PA-1117,5,0
CG15356,CG15356-PA-2847,1,2
CG32138,CG32138-PA-2052,1,0
mRpL32,mRpL32-PA-457,0,1
lilli,lilli-PA-4537,0,2
CHES-1-like,CHES-1-like-PA-3597,1,0
mod(mdg4),mod(mdg4)-PH-1465,1,2
pds5,pds5-PA-3543,1,6
CG13792,CG13792-PA-2031,1,0
tan,tan-PA-96,1,0
Cirl,Cirl-PF-2665,14,0
Srp9,Srp9-PA-31,1,0
CG33095,CG33095-PA-1465,40,29
Glu-RIB,Glu-RIB-PA-1206,2,0
LRP1,LRP1-PC-13849,24,30
CG32138,CG32138-PA-1698,0,1
hdc,hdc-PA-1632,0,2
CG11180,CG11180-PA-707,1,0
IntS8,IntS8-PA-2614,2,0
tou,tou-PE-7091,0,1
Gr64a,Gr64a-PA-342,1,0
CG10151,CG10151-PD-1601,0,1
CG11882,CG11882-PA-565,1,0
CG13430,CG13430-PA-163,0,2
Atx2,Atx2-PA-2650,2,0
Nup98,Nup98-PA-5683,1,2
CG31321,CG31321-PB-1429,2,0
CG31021,CG31021-PB-1329,1,0
VhaAC45,VhaAC45-PA-582,1,4
CG10602,CG10602-PB-795,1,0
CG10081,CG10081-PA-840,6,0
pAbp,pAbp-PA-456,1,0
CG16979,CG16979-PA-1797,22,20
Sara,Sara-PA-3633,11,12
Rab9,Rab9-PA-693,3,4
Cht6,Cht6-PC-6291,3,0
CG42672,CG42672-PH-149,0,1
Sgf29,Sgf29-PA-133,6,0
Sr-CI,Sr-CI-PA-1074,2,0
ecd,ecd-PA-1909,0,1
CG5524,CG5524-PA-2902,3,3
Scgalpha,Scgalpha-PA-1206,2,1
Atpalpha,Atpalpha-PA-2050,0,2
Pepck,Pepck-PA-1647,15,6
CG8134,CG8134-PA-1012,0,1
CG5514,CG5514-PA-2599,0,2
CG12990,CG12990-PA-300,0,1
Cpr35B,Cpr35B-PA-205,0,2
CG12391,CG12391-PA-792,3,12
CG2025,CG2025-PA-1272,1,0
Bub3,Bub3-PA-67,1,1
Moe,Moe-PA-1239,13,0
Rcd2,Rcd2-PA-1272,1,0
l(2)08717,l(2)08717-PA-864,1,2
PR2,PR2-PA-2367,2,0
CG12268,CG12268-PA-1371,0,1
otk,otk-PA-2487,0,15
CG6204,CG6204-PA-2127,10,3
CG5961,CG5961-PA-451,4,3
st,st-PA-439,0,9
rab3-GAP,rab3-GAP-PA-3937,3,0
nop5,nop5-PA-651,45,0
CG14881,CG14881-PA-625,6,0
CG5322,CG5322-PA-1135,1,0
CG8187,CG8187-PA-1070,0,13
olf186-F,olf186-F-PA-1023,18,6
CG10592,CG10592-PA-943,2,0
CG9492,CG9492-PD-7599,0,1
CG13800,CG13800-PA-4555,9,7
CG7627,CG7627-PA-1217,1,0
sowah,sowah-PG-2176,2,4
CG6792,CG6792-PA-927,15,4
CG15828,CG15828-PC-3080,2,0
kst,kst-PA-12190,2,1
CG30194,CG30194-PB-1881,5,0
kz,kz-PA-2619,0,1
CG32119,CG32119-PA-687,0,9
Cyp6g2,Cyp6g2-PA-1334,1,0
CG18586,CG18586-PB-859,0,2
CG1965,CG1965-PA-2292,6,10
itp,itp-PD-342,4,0
Mcm6,Mcm6-PA-2148,32,0
Aats-thr,Aats-thr-PC-1092,1,0
Ctf4,Ctf4-PA-2619,0,14
Vps45,Vps45-PA-1650,0,1
mfrn,mfrn-PA-603,0,5
CG4497,CG4497-PA-63,4,2
Gint3,Gint3-PB-863,21,0
calypso,calypso-PA-1089,21,9
CG9990,CG9990-PA-540,1,0
sxc,sxc-PA-3158,0,22
Rgl,Rgl-PA-2463,0,7
Lar,Lar-PA-4656,1,0
CG34452,CG34452-PB-815,0,3
CG5792,CG5792-PA-785,3,0
croc,croc-PA-937,0,1
Rae1,Rae1-PA-435,0,3
poe,poe-PA-15307,100,0
CG3338,CG3338-PA-1551,0,23
mus209,mus209-PA-397,4,4
l(2)not,l(2)not-PA-1473,10,3
CG3355,CG3355-PA-540,1,1
Eip71CD,Eip71CD-PE-704,9,0
CG34202,CG34202-PA-589,0,2
CG9328,CG9328-PA-411,3,3
CG4598,CG4598-PA-541,1,1
Dredd,Dredd-PD-1390,1,3
Top1,Top1-PA-2816,1,0
Obp93a,Obp93a-PA-107,0,11
Cyp4p3,Cyp4p3-PA-993,0,1
CycB,CycB-PA-670,4,2
spn-A,spn-A-PA-861,11,13
rept,rept-PA-945,60,8
CG12054,CG12054-PB-1083,0,62
shot,shot-PA-8275,1,0
CG4970,CG4970-PB-2073,1,0
CG3499,CG3499-PB-1524,1,0
corn,corn-PC-3202,2,6
CG5727,CG5727-PA-388,3,0
Ets21C,Ets21C-PA-598,1,0
l(3)03670,l(3)03670-PA-552,31,65
CG8486,CG8486-PE-1207,1,0
CG15093,CG15093-PA-163,5,8
CG11208,CG11208-PA-1531,4,0
CG6767,CG6767-PA-708,0,2
CG14299,CG14299-PC-6272,7,3
CG9531,CG9531-PA-803,0,5
nudC,nudC-PA-858,7745,0
Mgat2,Mgat2-PA-930,1,0
sowah,sowah-PG-1134,3,5
Zasp52,Zasp52-PI-2943,0,33
Dhc36C,Dhc36C-PB-1798,1,0
lbk,lbk-PB-537,2,0
CG7609,CG7609-PB-1839,3,0
ppk7,ppk7-PA-741,0,1
Dot,Dot-PA-1062,0,1
CG4679,CG4679-PA-1075,0,1
CG5849,CG5849-PA-1981,0,1
CG34133,CG34133-PB-2265,4,4
CG1907,CG1907-PA-686,0,3
zormin,zormin-PC-8649,17,17
Eip55E,Eip55E-PA-177,0,2
CG33278,CG33278-PA-17,1,0
betaTub97EF,betaTub97EF-PA-1437,62,93
lid,lid-PA-3448,0,2
CG4623,CG4623-PA-423,1,0
CG30005,CG30005-PA-332,0,5
Tl,Tl-PA-2220,9,7
TfIIEalpha,TfIIEalpha-PA-962,1,0
qkr54B,qkr54B-PA-560,1,0
mRpL34,mRpL34-PA-132,24,17
ATPCL,ATPCL-PD-1848,0,2
CG11951,CG11951-PA-1951,0,1
Rop,Rop-PA-1558,65,66
Dhpr,Dhpr-PA-277,0,1
CG14757,CG14757-PA-417,1,0
CG8298,CG8298-PA-1513,7,0
pnr,pnr-PA-775,0,1
A2bp1,A2bp1-PI-1831,0,2
CG17928,CG17928-PA-1129,0,1
l(2)k05819,l(2)k05819-PA-4332,1,0
CG3476,CG3476-PA-57,0,1
Rapgap1,Rapgap1-PD-2364,0,2
Got2,Got2-PA-711,36,27
CG14299,CG14299-PC-2316,0,10
CG33145,CG33145-PB-1044,5,2
mthl3,mthl3-PA-301,0,2
CG10175,CG10175-PA-1053,1,0
thr,thr-PB-1565,1,0
CG4452,CG4452-PA-662,5,12
cv-c,cv-c-PA-1875,0,1
CG31717,CG31717-PA-589,0,1
CG10478,CG10478-PA-655,2,2
CG10144,CG10144-PA-3447,6,0
CG30177,CG30177-PA-570,1,0
Catsup,Catsup-PA-271,2,1
Catsup,Catsup-PA-277,1,0
CG3500,CG3500-PA-289,3,1
CG7889,CG7889-PA-291,1,0
CG42358,CG42358-PA-534,3,7
ImpL3,ImpL3-PA-96,3,3
Hs3st-A,Hs3st-A-PA-432,0,1
Gs1l,Gs1l-PA-357,4,23
CG14340,CG14340-PA-601,0,1
CG4496,CG4496-PA-258,3,6
CG15706,CG15706-PA-843,2,1
lig,lig-PA-925,3,3
Vps13,Vps13-PA-7005,7,0
Nup75,Nup75-PA-1755,46,18
Parg,Parg-PB-2142,14,0
Cyp310a1,Cyp310a1-PA-1123,0,3
18w,18w-PA-3745,2,1
ns1,ns1-PA-280,0,1
cato,cato-PA-186,0,3
Galk,Galk-PA-1170,0,5
CG11876,CG11876-PA-678,3,0
CG11498,CG11498-PB-879,0,1
CG12608,CG12608-PA-778,0,3
ash1,ash1-PB-661,0,2
CG17768,CG17768-PA-42,3,0
bocksbeutel,bocksbeutel-PA-400,0,2
Tre1,Tre1-PA-18,6,0
U3-55K,U3-55K-PA-675,4,1
Cht6,Cht6-PC-13636,1,0
Fhos,Fhos-PC-3381,0,1
CG4935,CG4935-PA-298,0,1
raps,raps-PA-1353,2,0
CG3363,CG3363-PA-6270,2,0
Taz,Taz-PA-793,1,0
CG11596,CG11596-PB-207,1,0
Ptp4E,Ptp4E-PA-4469,1,0
CG8485,CG8485-PA-1957,12,19
CG34408,CG34408-PA-3442,0,1
CG6766,CG6766-PA-335,2,2
CG11163,CG11163-PA-850,19,0
Ciao1,Ciao1-PA-206,12,22
Cap,Cap-PA-1384,0,2
Ets21C,Ets21C-PA-599,1,0
CG14087,CG14087-PB-2289,0,1
eIF-2beta,eIF-2beta-PA-684,225,0
CG6700,CG6700-PA-546,3,0
Trf,Trf-PA-122,1,0
pav,pav-PA-565,0,1
CG18213,CG18213-PB-2521,0,2
poe,poe-PA-13161,1,0
CG4364,CG4364-PA-1331,1,0
odd,odd-PA-573,0,6
CG31694,CG31694-PA-255,1,3
TTLL3B,TTLL3B-PB-505,0,3
CG2924,CG2924-PA-712,1,0
CG5961,CG5961-PA-1206,0,124
CG8605,CG8605-PA-2115,11,15
Chi,Chi-PA-1547,1,0
Rab10,Rab10-PA-375,0,2
CG10407,CG10407-PA-636,0,1
CG9411,CG9411-PA-1534,1,0
CG6357,CG6357-PA-482,3,7
CG10158,CG10158-PA-381,1,0
CG4860,CG4860-PA-36,1,0
Axud1,Axud1-PA-2485,18,10
Shawl,Shawl-PC-519,6,0
CG14205,CG14205-PA-705,0,1
Pepck,Pepck-PA-513,0,1
Ino80,Ino80-PA-4794,19,9
CG14798,CG14798-PA-101,2,0
ScpX,ScpX-PA-1540,2,1
gukh,gukh-PA-5082,0,44
lox,lox-PA-504,0,1
Su(var)3-7,Su(var)3-7-PA-3244,0,9
CG8850,CG8850-PA-927,0,1
CG8397,CG8397-PA-507,43,62
Atpalpha,Atpalpha-PA-1896,3,2
CG13154,CG13154-PA-646,2,0
eIF-3p66,eIF-3p66-PB-1307,21,28
CG17180,CG17180-PA-205,4,0
CG4951,CG4951-PA-862,0,2
CG17746,CG17746-PA-744,21,28
mRpS22,mRpS22-PA-732,0,1
CG7600,CG7600-PA-2269,37,41
CG11875,CG11875-PA-338,6,12
sec15,sec15-PA-1626,2,1
pum,pum-PA-4482,1,0
pAbp,pAbp-PA-741,1,0
CG6310,CG6310-PA-501,85,75
Fak56D,Fak56D-PA-2652,0,2
mRpS29,mRpS29-PA-1128,8,15
ste24b,ste24b-PA-520,0,10
CG6509,CG6509-PA-5610,4,3
MED20,MED20-PA-658,28,0
luna,luna-PB-691,0,1
CG1416,CG1416-PA-397,4,0
CG6685,CG6685-PA-582,13,7
CG15784,CG15784-PA-1604,34,0
CG15784,CG15784-PA-1609,0,1
Fdxh,Fdxh-PA-424,0,2
CG17829,CG17829-PA-366,3,0
CG11560,CG11560-PA-314,3,0
Alk,Alk-PA-1808,3,0
CG4619,CG4619-PA-355,2,2
CG32251,CG32251-PA-4338,34,0
CG32576,CG32576-PA-371,4,0
raps,raps-PA-1443,0,1
CG5335,CG5335-PA-663,2,6
RpL7-like,RpL7-like-PA-290,5,3
mbc,mbc-PA-5437,0,3
CG4221,CG4221-PA-1054,0,4
CG34356,CG34356-PC-2080,1,0
CG8331,CG8331-PA-501,11,45
CG1227,CG1227-PA-870,22,11
CG15412,CG15412-PB-114,0,1
CG32305,CG32305-PB-909,0,2
CG4680,CG4680-PA-747,1,0
raps,raps-PA-1609,4,1
cno,cno-PC-5361,0,1
Dlc90F,Dlc90F-PA-297,0,207
ena,ena-PA-1323,1,3
CG43318,CG43318-PA-183,0,1
CG15073,CG15073-PA-1446,16,9
PCID2,PCID2-PA-495,2,0
CG2107,CG2107-PA-738,12,4
Duox,Duox-PB-3247,1,0
Rel,Rel-PA-2253,29,59
Pbp45,Pbp45-PA-691,4,3
CG16718,CG16718-PA-2556,3,0
CG14997,CG14997-PA-1257,0,11
Cpsf73,Cpsf73-PA-1533,0,1
cbx,cbx-PA-387,4,0
tud,tud-PA-5830,0,1
CG7988,CG7988-PA-289,36,12
CG34408,CG34408-PA-3433,1,0
Atac3,Atac3-PB-133,0,1
Trf,Trf-PA-621,0,4
Cdc6,Cdc6-PA-1740,1,0
Prp19,Prp19-PA-1482,125,136
CG10508,CG10508-PG-582,0,1
CG33506,CG33506-PA-567,0,1
fdl,fdl-PB-1788,9,12
CG12009,CG12009-PA-1533,2,4
CG16791,CG16791-PA-3305,0,14
ImpL3,ImpL3-PA-949,2,0
mio,mio-PA-2309,3,1
Ent2,Ent2-PA-462,12,7
CG9418,CG9418-PA-258,0,5
Vps35,Vps35-PA-2355,11,0
ttm50,ttm50-PA-1232,0,1
CG12964,CG12964-PB-808,2,0
CG3662,CG3662-PA-282,1,1
CG15905,CG15905-PB-486,3,0
Ire1,Ire1-PB-2503,7,6
CG11257,CG11257-PA-832,0,2
nau,nau-PA-501,3,0
mRpL23,mRpL23-PA-115,0,1
ico,ico-PA-2124,24,0
Duox,Duox-PB-3537,13,17
Toll-9,Toll-9-PA-645,1,0
nAcRbeta-96A,nAcRbeta-96A-PA-703,1,0
maf-S,maf-S-PA-30,3,4
Aats-glupro,Aats-glupro-PA-658,1,0
CG9331,CG9331-PA-114,2,4
CG9143,CG9143-PA-1938,1,2
18w,18w-PA-2107,6,1
CG16742,CG16742-PA-3927,0,8
CG4942,CG4942-PA-750,51,28
sei,sei-PA-2029,9,13
m-cup,m-cup-PA-1832,0,2
Chd1,Chd1-PA-3097,1,1
ppan,ppan-PA-483,0,1
frj,frj-PA-1122,1,0
CG7183,CG7183-PA-1258,2,0
RpL34b,RpL34b-PB-192,1,0
CG12155,CG12155-PA-1216,10,14
Cpsf73,Cpsf73-PA-1522,2,0
Bap,Bap-PA-1026,2,0
CG14103,CG14103-PA-559,1,3
lectin-21Ca,lectin-21Ca-PA-462,2,0
Dlic,Dlic-PA-285,2,0
DJ-1alpha,DJ-1alpha-PA-196,2,0
tst,tst-PA-2108,0,3
CG6512,CG6512-PA-930,0,1
fz4,fz4-PA-1075,7,1
CG18125,CG18125-PA-292,0,1
CG5385,CG5385-PA-415,0,1
Cdc27,Cdc27-PA-2094,8,0
HLH106,HLH106-PA-162,0,1
CG4282,CG4282-PA-1392,0,6
FLASH,FLASH-PA-1995,1,0
Fas2,Fas2-PA-1322,0,2
Asx,Asx-PA-2374,0,2
tinc,tinc-PA-2814,1,0
CG1632,CG1632-PA-2716,0,1
CG6739,CG6739-PA-1032,2,1
CG6398,CG6398-PA-824,4,2
lig,lig-PA-3823,6,3
CG5704,CG5704-PA-202,4,0
CG14692,CG14692-PC-4004,3,0
CG11897,CG11897-PA-3153,1,0
CG11208,CG11208-PA-1191,5,24
eIF2B-beta,eIF2B-beta-PA-749,21,0
milt,milt-PA-2604,33,0
ds,ds-PA-10021,2,0
CG32650,CG32650-PA-38,0,8
HLHm3,HLHm3-PA-125,0,1
EfSec,EfSec-PA-759,7,0
Hen1,Hen1-PA-400,26,0
CG10570,CG10570-PA-174,17,7
CG12974,CG12974-PA-729,0,2
CG18428,CG18428-PA-145,2,0
CG16838,CG16838-PC-1041,2,2
CG10144,CG10144-PA-3525,1,8
CG30286,CG30286-PB-352,0,5
CG10869,CG10869-PA-1935,1,0
mip120,mip120-PA-2742,138,150
CG17565,CG17565-PA-712,2,3
LBR,LBR-PA-1966,0,15
Rcd4,Rcd4-PA-513,0,42
l(2)06496,l(2)06496-PA-492,0,566
CG11208,CG11208-PA-714,2,17
pkaap,pkaap-PA-1743,0,6
endoA,endoA-PA-628,0,5
Gr64d,Gr64d-PA-452,1,0
CG17840,CG17840-PA-2283,13,40
CG5287,CG5287-PA-786,1,0
CG6583,CG6583-PA-9,2,0
Ir64a,Ir64a-PA-2188,0,1
CG32409,CG32409-PA-591,0,5
CG5068,CG5068-PA-675,12,9
CG2147,CG2147-PA-482,19,0
CG31344,CG31344-PA-517,0,1
ClC-b,ClC-b-PA-637,1,3
CG1636,CG1636-PA-690,0,2
RhoGAPp190,RhoGAPp190-PA-3879,0,1
Strn-Mlck,Strn-Mlck-PD-19669,0,1
janA,janA-PA-69,13,16
CG7265,CG7265-PA-1057,2,0
mre11,mre11-PA-988,5,4
CG10462,CG10462-PA-1702,6,3
eIF3-S8,eIF3-S8-PA-700,2,1
Aats-ala,Aats-ala-PA-2667,6,5
Pdsw,Pdsw-PA-71,8,0
sec10,sec10-PA-831,1,0
NiPp1,NiPp1-PA-783,2,0
Spn47C,Spn47C-PA-691,1,0
CG15382,CG15382-PA-78,6,0
CG11395,CG11395-PA-95,1,0
CG33213,CG33213-PA-546,3,4
CG2875,CG2875-PA-825,25,0
G-ialpha65A,G-ialpha65A-PA-729,5,0
CG30427,CG30427-PA-1290,0,1
raw,raw-PA-2734,0,1
VhaAC45,VhaAC45-PA-145,0,4
Trf,Trf-PA-540,6,3
CG11882,CG11882-PA-153,0,3
CG9662,CG9662-PA-252,214,23
fidipidine,fidipidine-PA-1540,59,0
CG34242,CG34242-PA-93,1,2
CG6145,CG6145-PA-1159,1,1
CG30085,CG30085-PA-3783,0,289
Sec22,Sec22-PA-286,3,3
CG16742,CG16742-PA-3346,11,2
CG4980,CG4980-PA-231,30,0
crb,crb-PA-3058,3,0
Caf1-105,Caf1-105-PA-576,1,0
CG10992,CG10992-PA-569,13,18
fs(2)ltoPP43,fs(2)ltoPP43-PA-442,1,0
zormin,zormin-PA-4755,1,0
Cht5,Cht5-PA-1752,92,0
CG4022,CG4022-PA-1533,10,11
Shawl,Shawl-PC-1480,4,0
Shawl,Shawl-PC-1481,0,1
CG7706,CG7706-PA-1539,0,2
MED20,MED20-PA-103,1,3
CG32462,CG32462-PA-664,1,1
gfzf,gfzf-PB-2340,1,1
Klp64D,Klp64D-PA-1635,5,0
zwilch,zwilch-PA-627,8,5
Ino80,Ino80-PA-2550,1,1
Zpr1,Zpr1-PA-303,2,0
na,na-PD-1524,0,1
mars,mars-PA-2622,0,94
CG16742,CG16742-PA-3187,4,0
ste24a,ste24a-PA-949,3,3
Miro,Miro-PC-442,8,5
msps,msps-PB-6081,47,17
CG7277,CG7277-PA-96,5,9
Cpr,Cpr-PA-1487,0,1
CG6145,CG6145-PA-814,32,45
odd,odd-PA-448,0,1
CG13897,CG13897-PA-70,0,1
CG18600,CG18600-PA-111,0,1
CG5802,CG5802-PA-309,5,0
CG15523,CG15523-PA-10785,38,54
CG5885,CG5885-PA-171,34,36
drosha,drosha-PA-2019,0,1
Dcr-2,Dcr-2-PA-1840,1,0
CG14200,CG14200-PA-5527,1,0
CG13223,CG13223-PA-1107,0,1
mys,mys-PA-1319,4,4
mRpS22,mRpS22-PA-766,1,0
grn,grn-PA-441,1,0
Cog7,Cog7-PA-1667,0,1
CycT,CycT-PA-1407,2,0
CG31804,CG31804-PA-465,0,2
CG31804,CG31804-PA-464,0,15
CG33332,CG33332-PA-524,1,0
CG2233,CG2233-PA-372,0,1
Myo10A,Myo10A-PC-8973,1,0
fu2,fu2-PA-1334,3,3
IntS6,IntS6-PA-3750,2,3
CG6686,CG6686-PA-2068,0,5
Dot,Dot-PA-1408,5,0
CG6488,CG6488-PA-582,9,6
yrt,yrt-PA-2129,1,0
Idgf1,Idgf1-PA-383,79,0
CG1753,CG1753-PA-968,0,1
cp309,cp309-PC-64,0,1
dgt5,dgt5-PA-2016,43,31
CG9153,CG9153-PB-553,0,2
CG10646,CG10646-PA-659,1,0
CG17544,CG17544-PA-240,1,1
Patr-1,Patr-1-PA-2049,25,7
CG33232,CG33232-PA-2844,19,15
Hsp67Ba,Hsp67Ba-PA-390,225,153
CG10731,CG10731-PA-519,3,5
CG1360,CG1360-PA-145,0,1
CG9867,CG9867-PA-1358,171,0
yellow-e3,yellow-e3-PA-651,11,13
RecQ5,RecQ5-PB-3109,0,1
Sgs4,Sgs4-PB-245,0,7
CG6945,CG6945-PA-1392,3,2
CG9107,CG9107-PA-414,8,198
CG11248,CG11248-PA-2428,0,1
CG5535,CG5535-PB-925,1,0
CG10413,CG10413-PA-2791,0,1
CG5343,CG5343-PA-246,1,2
Spn6,Spn6-PA-580,1,0
CG11160,CG11160-PA-359,0,1
CG18586,CG18586-PB-678,1,0
CG10073,CG10073-PA-930,0,3
caup,caup-PA-1674,2,0
Fs(2)Ket,Fs(2)Ket-PA-496,0,2
Hmgs,Hmgs-PA-550,1,0
CG8475,CG8475-PA-2595,0,1
CG7342,CG7342-PA-651,2,0
U26,U26-PA-2178,2,0
CG9286,CG9286-PA-754,0,1
CG32409,CG32409-PA-498,5,2
CG12006,CG12006-PA-623,5,14
klar,klar-PA-4483,8,0
CG15093,CG15093-PA-63,0,1
CG7137,CG7137-PA-995,1,0
Ack,Ack-PA-1665,0,3
Muc91C,Muc91C-PA-515,3,0
CG9896,CG9896-PA-37,0,1
ana3,ana3-PA-1159,2,0
feo,feo-PA-1420,3,0
Surf4,Surf4-PA-504,22,16
CG1908,CG1908-PA-1407,16,4
TM4SF,TM4SF-PB-170,2,0
CG3119,CG3119-PA-195,0,3
CG8602,CG8602-PA-540,0,2
fry,fry-PB-10234,5,0
CG15093,CG15093-PA-517,0,1
MCO3,MCO3-PA-928,1,0
CG43162,CG43162-PA-885,0,1
CG14230,CG14230-PA-1263,3,0
zormin,zormin-PA-588,0,1
dac,dac-PA-2177,0,2
Mcm3,Mcm3-PA-1909,12,7
Taspase1,Taspase1-PA-796,0,1
dx,dx-PA-1845,16,6
CG14073,CG14073-PA-2355,139,131
Spn,Spn-PB-4549,1,0
CG17841,CG17841-PA-1089,17,3
Su(fu),Su(fu)-PA-168,1,5
btl,btl-PA-720,0,1
Sfmbt,Sfmbt-PA-1221,1,1
CG13800,CG13800-PA-2505,1,0
CG5991,CG5991-PA-315,1,2
CG2233,CG2233-PA-292,0,1
CTCF,CTCF-PA-600,0,3
CG10062,CG10062-PA-634,1,0
CheB53b,CheB53b-PA-167,0,4
CG6729,CG6729-PA-2518,1,2
CG18368,CG18368-PA-2421,0,12
Nop60B,Nop60B-PA-235,20,20
Sry-beta,Sry-beta-PA-724,1,1
Drip,Drip-PA-570,33,33
cdm,cdm-PA-1746,3,3
CG1750,CG1750-PA-432,3,1
Cht6,Cht6-PC-13642,0,4
tefu,tefu-PB-7564,0,3
CG9135,CG9135-PA-249,2,2
CG1681,CG1681-PA-187,28,0
CG5828,CG5828-PA-1041,9,0
Pp2A-29B,Pp2A-29B-PA-1470,39,0
pch2,pch2-PA-771,48,20
Dip-B,Dip-B-PA-1195,13,0
CG12375,CG12375-PA-445,14,3
CG10029,CG10029-PA-490,1,0
CG15747,CG15747-PA-340,15,10
CG5613,CG5613-PA-1086,2,0
CG9328,CG9328-PA-328,1,4
pre-mod(mdg4)-V,pre-mod(mdg4)-V-PA-208,28,0
CG5335,CG5335-PA-161,2,0
CG6700,CG6700-PA-813,0,4
Tbh,Tbh-PB-1056,0,1
CG11208,CG11208-PA-238,0,1
l(3)psg2,l(3)psg2-PA-4468,6,0
CG7741,CG7741-PA-292,0,2
bou,bou-PA-414,4,0
CG1440,CG1440-PA-579,0,3
CG2865,CG2865-PA-756,13,3
NKAIN,NKAIN-PJ-613,1,0
CG33506,CG33506-PA-550,0,1
CG3164,CG3164-PA-1972,1,0
CG18259,CG18259-PA-914,0,2
FLASH,FLASH-PA-1963,0,3
CG5514,CG5514-PA-2575,0,1
ppk7,ppk7-PA-1461,1,0
CG12486,CG12486-PA-60,0,36
iPLA2-VIA,iPLA2-VIA-PA-2559,0,6
CG8311,CG8311-PA-1344,40,406
CG33465,CG33465-PC-1401,5,1
Ssdp,Ssdp-PA-966,1,2
ap,ap-PA-669,1,2
CG8866,CG8866-PA-715,3,0
CG31643,CG31643-PA-1971,9,7
CG14238,CG14238-PA-165,0,3
CG10011,CG10011-PA-5946,0,1
CG11257,CG11257-PA-865,1,0
Msp-300,Msp-300-PB-17411,0,1
Eip55E,Eip55E-PA-1045,7,2
mRpS22,mRpS22-PA-749,1,0
RhoGAP93B,RhoGAP93B-PA-3487,3,0
Cdk8,Cdk8-PA-970,1,0
Dys,Dys-PA-3301,4,0
eIF3-S8,eIF3-S8-PA-865,7,7
Caf1-105,Caf1-105-PA-838,5,0
Pp2B-14D,Pp2B-14D-PA-325,0,1
CG5522,CG5522-PA-1102,18,17
Ssdp,Ssdp-PA-754,0,1
Chro,Chro-PA-870,0,1
CG17192,CG17192-PA-304,1,0
CheB53b,CheB53b-PA-400,0,1
CG4467,CG4467-PA-3131,2,0
btsz,btsz-PC-1507,0,1
nbs,nbs-PD-1236,1,0
CG11180,CG11180-PA-724,1,0
CG18327,CG18327-PA-22,2,2
CG7158,CG7158-PA-381,1,0
CG14339,CG14339-PA-1386,1,0
Aats-phe,Aats-phe-PA-715,1,0
CG3448,CG3448-PB-282,0,8
CG3328,CG3328-PA-1279,1,0
CG3609,CG3609-PA-366,0,2
CG9512,CG9512-PA-817,0,1
CG7044,CG7044-PA-1404,0,4
grh,grh-PK-205,0,1
Graf,Graf-PA-1551,0,9
CG31673,CG31673-PA-960,7,8
l(3)L1231,l(3)L1231-PA-2002,0,3
Cdc6,Cdc6-PA-1843,0,2
Or67d,Or67d-PA-1132,52,0
E(z),E(z)-PA-1887,19,13
CG17272,CG17272-PA-339,39,46
CG1553,CG1553-PA-1471,0,4
Msh6,Msh6-PA-3267,1,3
CG3280,CG3280-PD-5923,1,0
Ykt6,Ykt6-PA-493,3,2
A2bp1,A2bp1-PE-2542,1,0
CG32369,CG32369-PA-1903,2,0
CG34134,CG34134-PA-297,13,0
bon,bon-PA-1541,1,0
Hop,Hop-PA-319,0,1
CG11050,CG11050-PA-877,3,5
CG32221,CG32221-PB-1173,4,9
CG31320,CG31320-PA-1305,8,5
Cirl,Cirl-PB-4466,1,0
unc79,unc79-PB-5079,0,1
CG14861,CG14861-PA-736,7,0
Meics,Meics-PA-1278,15,13
ial,ial-PA-240,6,12
CG4785,CG4785-PA-726,1,12
her,her-PA-838,2,8
hyx,hyx-PA-1176,60,0
hay,hay-PA-2049,0,1
Pepck,Pepck-PA-1194,2,1
KP78a,KP78a-PB-1380,0,1
dys,dys-PB-1346,0,2
Rack1,Rack1-PA-106,0,239
CG16758,CG16758-PB-859,0,1
CG31122,CG31122-PA-403,0,1
yellow-f,yellow-f-PA-940,0,3
unc-104,unc-104-PB-4408,0,1
CG3631,CG3631-PC-477,0,1
Or19b,Or19b-PA-269,0,1
CG8311,CG8311-PA-707,19,42
CG7669,CG7669-PA-544,1,0
fz2,fz2-PA-1950,0,2
dys,dys-PB-1753,0,1
Pten,Pten-PA-123,1,0
capu,capu-PA-2211,4,6
CG3618,CG3618-PA-1959,5,9
CG32068,CG32068-PB-111,1,0
rig,rig-PB-998,1,0
corn,corn-PB-1362,0,2
Cdep,Cdep-PC-1192,14,0
CG5131,CG5131-PA-445,1,0
IA-2,IA-2-PC-58,0,1
CG18428,CG18428-PA-128,1,0
Chmp1,Chmp1-PA-279,2,5
msb1l,msb1l-PA-69,0,12
Ext2,Ext2-PA-722,0,1
Jarid2,Jarid2-PD-6612,10,8
CG9304,CG9304-PA-993,0,8
CG6729,CG6729-PA-2451,4,9
Gpdh,Gpdh-PA-927,5,11
CG11652,CG11652-PA-1162,3,0
rtv,rtv-PA-391,2,0
armi,armi-PB-334,1,0
CG12424,CG12424-PA-2511,5,1
CG32137,CG32137-PA-1005,7,5
mura,mura-PA-1759,1,0
CG11180,CG11180-PA-1950,19,18
Karybeta3,Karybeta3-PA-531,2,0
CG4041,CG4041-PB-2375,0,71
CG14174,CG14174-PA-325,1,0
CG6145,CG6145-PA-1348,47,83
Tg,Tg-PA-1107,1,0
CG5384,CG5384-PA-426,0,25
CG17843,CG17843-PA-1400,0,2
CG4785,CG4785-PA-1173,9,4
CG6543,CG6543-PA-603,51,0
RpL36,RpL36-PC-201,1,0
Mcm6,Mcm6-PA-2163,0,35
FLASH,FLASH-PA-1774,0,2
dnk,dnk-PA-672,1,0
l(2)37Cb,l(2)37Cb-PA-2550,16,20
CG18558,CG18558-PB-1323,1,0
Not1,Not1-PC-6990,3,0
Megalin,Megalin-PA-12940,0,1
Kap-alpha3,Kap-alpha3-PA-1464,110,100
mod(mdg4),mod(mdg4)-PO-1617,5,0
CG17660,CG17660-PA-84,0,1
dco,dco-PA-405,2,1
CG5608,CG5608-PA-1819,41,51
gfzf,gfzf-PB-10,1,0
kst,kst-PA-11604,0,2
conv,conv-PA-2898,20,16
Tequila,Tequila-PA-1398,4,0
Fas2,Fas2-PA-1359,4,0
Ir93a,Ir93a-PA-1347,0,1
CG2310,CG2310-PA-692,162,0
Rcd6,Rcd6-PA-1266,7,13
Aats-thr,Aats-thr-PA-1292,1,0
CG34380,CG34380-PC-1860,1,1
CG15828,CG15828-PC-6861,1,0
CG31729,CG31729-PA-2734,2,0
CG1317,CG1317-PB-2625,3,0
CG13889,CG13889-PA-1673,0,2
Egfr,Egfr-PB-130,0,1
CG15674,CG15674-PA-496,1,0
asparagine-synthetase,asparagine-synthetase-PA-608,0,2
rasp,rasp-PA-759,0,2
CG4733,CG4733-PB-2129,1,0
Plod,Plod-PA-1422,7,2
beta4GalT7,beta4GalT7-PA-827,0,3
Fit1,Fit1-PA-1714,7,3
Klp3A,Klp3A-PA-1330,0,1
por,por-PA-1077,6,1
CG6163,CG6163-PA-1096,0,4
CG6163,CG6163-PA-1090,2,0
CG9350,CG9350-PA-448,1,0
Cyp4e3,Cyp4e3-PA-1020,0,1
CG30120,CG30120-PB-1399,2,0
RhoGAP92B,RhoGAP92B-PA-2057,0,4
CG9350,CG9350-PA-195,26,96
CG5873,CG5873-PA-1113,4,3
CycJ,CycJ-PA-352,0,1
Snx6,Snx6-PA-1169,2,0
Cpsf73,Cpsf73-PA-289,0,1
RASSF8,RASSF8-PA-1599,0,2
pic,pic-PA-3098,9,12
Cyp12a5,Cyp12a5-PA-213,0,1
thr,thr-PB-3371,0,1
Sce,Sce-PA-153,11,27
CG42673,CG42673-PC-788,0,1
CG12877,CG12877-PC-665,1,0
CG42673,CG42673-PC-782,1,0
Arc-p20,Arc-p20-PA-397,2,0
Psf3,Psf3-PA-343,6,6
Ubc-E2H,Ubc-E2H-PA-540,1,0
CG3313,CG3313-PA-702,1,2
CG6686,CG6686-PA-2051,0,2
CG34184,CG34184-PA-559,0,1
CG5973,CG5973-PA-589,0,2
Ubpy,Ubpy-PA-2526,6,8
olf186-F,olf186-F-PA-570,0,3
CG33108,CG33108-PA-578,2,0
Ubpy,Ubpy-PA-1997,0,1
CG42357,CG42357-PA-810,1,0
mtm,mtm-PA-858,5,0
milt,milt-PA-1446,1,0
CG9270,CG9270-PC-1267,1,0
CG10153,CG10153-PA-528,27,40
CG13506,CG13506-PA-1279,4,0
CG8170,CG8170-PA-2128,1,0
lox2,lox2-PA-58,1,0
CG6945,CG6945-PA-1690,3,3
Brd8,Brd8-PA-984,0,1
CG17341,CG17341-PB-433,1,0
Cpsf160,Cpsf160-PA-2566,5,7
Den1,Den1-PA-513,4,26
CG8334,CG8334-PA-2014,0,2
CG10249,CG10249-PA-3340,1,12
CG13550,CG13550-PA-3402,1,0
nonA,nonA-PA-1728,5,4
CG9107,CG9107-PA-427,125,0
SA,SA-PA-3027,0,1
numb,numb-PA-826,0,2
CG6206,CG6206-PA-1102,3,3
CG3662,CG3662-PA-265,1,0
CG30020,CG30020-PA-1872,0,1
Rbm13,Rbm13-PA-88,3,66
CG8004,CG8004-PA-711,6,11
CG12560,CG12560-PB-783,0,12
l(2)37Cc,l(2)37Cc-PA-159,3,3
CDase,CDase-PA-1591,0,1
Gal,Gal-PA-558,1,1
CG13794,CG13794-PA-1309,2,1
wol,wol-PA-746,12,1
Fer1HCH,Fer1HCH-PA-132,165,211
mRpS9,mRpS9-PA-729,34,35
CG9281,CG9281-PB-1614,0,17
gem,gem-PA-2108,0,3
TepIV,TepIV-PA-4147,2,2
zetaCOP,zetaCOP-PA-337,0,16
CG43367,CG43367-PC-467,1,0
Ald,Ald-PE-1069,4,3
mam,mam-PA-691,1,0
CG7730,CG7730-PC-1017,0,1
CG4619,CG4619-PA-957,17,24
melt,melt-PB-2940,0,4
Spt3,Spt3-PA-438,3,0
nab,nab-PB-1612,0,2
CG4661,CG4661-PA-654,0,1
wb,wb-PB-8929,0,2
Dab,Dab-PB-6868,81,87
CG9715,CG9715-PA-4585,0,2
CG14915,CG14915-PA-189,1,0
sfl,sfl-PA-1612,12,0
Mt2,Mt2-PA-210,4,1
Nop60B,Nop60B-PA-771,0,11
homer,homer-PA-870,0,1
CG7845,CG7845-PA-225,2,0
CG3356,CG3356-PA-2979,62,35
haf,haf-PA-3686,0,4
GstE1,GstE1-PA-44,0,16
Cdc27,Cdc27-PA-1839,9,0
Xbp1,Xbp1-PC-171,7,16
CG34340,CG34340-PE-1503,2,0
Pgd,Pgd-PA-612,52,31
Fak56D,Fak56D-PD-2775,1,0
qkr58E-2,qkr58E-2-PA-1206,65,64
CG7627,CG7627-PA-2393,4,1
EfSec,EfSec-PA-211,3,0
CG7056,CG7056-PA-393,0,1
Mef2,Mef2-PA-576,1,0
CG6509,CG6509-PA-4716,3,3
CG33145,CG33145-PB-1299,0,3
mRpL16,mRpL16-PA-365,47,19
Cyp310a1,Cyp310a1-PA-62,1,0
CG17446,CG17446-PA-841,0,3
CG18539,CG18539-PB-160,6,0
CG4586,CG4586-PA-1500,5,0
Fbp1,Fbp1-PA-2866,1,0
Eip55E,Eip55E-PA-642,3,1
CG11342,CG11342-PA-204,2,3
dsd,dsd-PB-2897,1,0
Cg25C,Cg25C-PA-4788,0,1
CG1273,CG1273-PB-2118,0,3
CG5003,CG5003-PA-1647,16,9
CG15548,CG15548-PA-2313,1,0
CG5792,CG5792-PA-979,0,100
CG12253,CG12253-PA-681,12,11
jub,jub-PB-1905,0,128
htl,htl-PA-1980,3,2
shot,shot-PH-8055,0,1
Nop60B,Nop60B-PG-633,3,0
zetaCOP,zetaCOP-PA-354,0,255
EfTuM,EfTuM-PA-183,1,0
dock,dock-PA-309,0,1
CG2017,CG2017-PA-1,1,0
CG10674,CG10674-PA-6,1,0
MED20,MED20-PA-443,9,0
mod(mdg4),mod(mdg4)-PV-51,0,6
mop,mop-PA-4964,22,0
CG1140,CG1140-PA-936,5,0
CG4297,CG4297-PA-2917,0,1
CG9996,CG9996-PB-433,4,7
UGP,UGP-PA-870,1,0
Myt1,Myt1-PA-861,0,1
CG3225,CG3225-PA-1953,6,2
CG8009,CG8009-PA-279,0,1
nyo,nyo-PC-1539,1,0
sbb,sbb-PD-5280,1,0
CG11412,CG11412-PA-553,2,1
CG42780,CG42780-PA-688,1,0
CG32350,CG32350-PA-1029,2,0
CG17574,CG17574-PA-387,0,6
CG1516,CG1516-PA-3304,0,2
CG32649,CG32649-PA-478,0,1
pcs,pcs-PB-436,16,32
CG15227,CG15227-PA-728,0,11
CG7154,CG7154-PA-1991,0,1
CG9109,CG9109-PA-612,0,1
por,por-PA-927,5,0
Su(P),Su(P)-PA-1218,1,0
CG4908,CG4908-PA-987,15,10
mei-41,mei-41-PA-5937,1,0
Gas41,Gas41-PA-145,7,3
rg,rg-PB-252,1,0
CG10492,CG10492-PA-2334,0,1
CG11376,CG11376-PA-4962,1,2
SIDL,SIDL-PA-2760,3,0
SdhA,SdhA-PA-357,0,1
beta4GalT7,beta4GalT7-PA-288,0,4
MED16,MED16-PA-2382,2,0
gpp,gpp-PB-5001,0,1
CG4914,CG4914-PA-519,5,0
CG15431,CG15431-PA-1182,0,1
CG32100,CG32100-PA-1095,3,11
CG12880,CG12880-PA-560,0,1
CG42683,CG42683-PA-223,0,1
Hakai,Hakai-PA-297,0,3
mre11,mre11-PA-382,0,1
CG31251,CG31251-PA-30,0,16
Mi-2,Mi-2-PA-4960,0,1
CG34164,CG34164-PB-198,6,0
CG3565,CG3565-PA-291,5,0
Tm2,Tm2-PA-456,14,0
pod1,pod1-PA-3189,3,1
CG4582,CG4582-PA-521,0,4
CG11342,CG11342-PA-451,8,14
par-6,par-6-PA-708,1,0
CG32686,CG32686-PA-234,1,0
CG7551,CG7551-PB-542,1,0
mud,mud-PF-5266,0,3
SP2637,SP2637-PA-484,1,0
l(3)76BDm,l(3)76BDm-PA-3510,47,61
CG4119,CG4119-PA-2296,1,0
Tehao,Tehao-PA-2012,1,0
Dhc64C,Dhc64C-PA-11616,2,0
klu,klu-PA-400,1,0
DNApol-epsilon,DNApol-epsilon-PA-1881,0,2
slx1,slx1-PB-489,3,0
CG5756,CG5756-PA-3001,6,0
brm,brm-PA-3867,12,11
LBR,LBR-PA-1983,0,214
l(2)06496,l(2)06496-PA-475,0,8
CG33298,CG33298-PA-3727,2,0
CG1702,CG1702-PA-342,20,10
CG10317,CG10317-PC-226,0,1
Sply,Sply-PA-615,1,0
Liprin-alpha,Liprin-alpha-PA-1496,1,0
CG2943,CG2943-PA-1735,0,1
Aats-thr,Aats-thr-PA-1996,20,18
smg,smg-PA-2282,1,0
CG8370,CG8370-PA-4491,20,0
CG7154,CG7154-PA-2008,0,6
Or22b,Or22b-PA-937,0,2
CG7326,CG7326-PA-1365,1,0
ste24a,ste24a-PA-1260,14,0
CG32206,CG32206-PB-450,1,0
Pole2,Pole2-PA-960,1,0
CG5037,CG5037-PA-746,27,0
dysb,dysb-PA-393,0,3
CG6259,CG6259-PA-324,1,2
CG6459,CG6459-PA-136,2,3
mys,mys-PA-116,1,0
Cad99C,Cad99C-PA-4401,6,0
CG11997,CG11997-PA-779,1,0
CG13889,CG13889-PA-1672,2,0
CG14040,CG14040-PA-765,0,13
CG4238,CG4238-PD-103,0,2
mip120,mip120-PA-2199,0,2
uif,uif-PA-10537,1,1
cdi,cdi-PA-2451,0,6
CG8468,CG8468-PA-1449,0,1
CG7546,CG7546-PA-3696,0,3
CG11073,CG11073-PA-1417,0,2
CG3967,CG3967-PA-1264,0,1
CG13185,CG13185-PB-15876,4,8
Anxb11,Anxb11-PB-428,15,0
shot,shot-PH-6496,0,1
CG5397,CG5397-PA-507,2,0
blos2,blos2-PA-244,2,0
Br140,Br140-PA-3486,3,2
CG1965,CG1965-PA-2283,84,81
raps,raps-PA-1060,1,0
CG15514,CG15514-PA-279,0,1
CG42487,CG42487-PA-805,8,0
mRpS34,mRpS34-PA-100,1,1
Cht5,Cht5-PA-1735,1,0
CG1354,CG1354-PA-947,0,27
CG30005,CG30005-PA-339,0,3
CG32473,CG32473-PA-1587,3,6
CG14984,CG14984-PB-124,0,6
CG13749,CG13749-PB-62,0,3
CG6066,CG6066-PA-1227,0,1
CG2747,CG2747-PA-5019,9,7
Bub3,Bub3-PA-513,165,142
MCPH1,MCPH1-PA-1785,4,6
CG6791,CG6791-PB-3312,96,124
CG5626,CG5626-PA-511,1,18
mRpL33,mRpL33-PA-31,3,0
Ptpa,Ptpa-PA-567,10,6
Slbp,Slbp-PA-88,2,0
CG7720,CG7720-PA-1829,4,0
dj-1beta,dj-1beta-PA-274,1,0
CG16742,CG16742-PA-1401,0,2
Dl,Dl-PA-1632,1,0
CG11141,CG11141-PA-1762,38,25
vn,vn-PA-1408,0,2
spz5,spz5-PA-783,0,3
CG12895,CG12895-PA-433,6,0
CG33111,CG33111-PA-220,130,47
pav,pav-PA-813,3,2
CG9147,CG9147-PA-8,3,0
CG4447,CG4447-PA-474,5,4
CG4749,CG4749-PA-1317,32,15
Ir20a,Ir20a-PA-1164,1,0
CG5435,CG5435-PA-38,0,2
CG33287,CG33287-PB-1791,0,1
fu2,fu2-PA-4,1,0
CG31549,CG31549-PA-759,0,100
dbe,dbe-PA-100,53,52
CG42507,CG42507-PA-649,2,0
CG17734,CG17734-PA-84,1,1
Tfb4,Tfb4-PA-38,2,0
CG6488,CG6488-PA-427,1,0
Nup154,Nup154-PA-1599,1,0
CG4586,CG4586-PA-1941,0,2
Picot,Picot-PA-970,0,1
CG8596,CG8596-PA-975,4,6
CG17612,CG17612-PA-955,0,1
ecd,ecd-PA-1618,0,2
CG5446,CG5446-PA-78,32,56
CG11208,CG11208-PA-1548,32,0
CG2277,CG2277-PA-1098,72,47
CG11836,CG11836-PA-491,18,23
CG14391,CG14391-PA-360,1,0
S6k,S6k-PA-1221,1,0
CG9849,CG9849-PA-511,15,0
Khc-73,Khc-73-PA-3577,4,0
CG10638,CG10638-PA-89,9,24
fs(1)Yb,fs(1)Yb-PA-2706,0,1
TepIII,TepIII-PA-4144,0,1
ihog,ihog-PA-1039,2,0
N,N-PA-7839,0,33
Art8,Art8-PA-364,2,0
CG10343,CG10343-PA-324,61,0
CG8611,CG8611-PA-1006,0,1
CG6654,CG6654-PA-1203,0,3
CG16717,CG16717-PA-734,1,0
gukh,gukh-PA-786,1,0
trx,trx-PA-10722,0,1
CG11200,CG11200-PA-454,7,3
CG9005,CG9005-PA-3367,0,5
CG10631,CG10631-PA-615,0,1
CG8270,CG8270-PB-1044,12,22
CG42389,CG42389-PD-435,1,0
CG8145,CG8145-PA-855,2,2
CG2277,CG2277-PA-1113,0,7
CG3829,CG3829-PA-1743,0,1
ref(2)P,ref(2)P-PA-676,4,3
CG10959,CG10959-PA-396,0,1
tatl,tatl-PB-148,0,4
bru-2,bru-2-PA-1341,0,1
CG11590,CG11590-PA-387,95,0
CG7564,CG7564-PA-174,1,0
CG2006,CG2006-PA-584,5,0
GNBP2,GNBP2-PA-477,3,3
frj,frj-PA-1341,27,19
por,por-PA-993,41,36
CG5131,CG5131-PA-371,0,3
CG4972,CG4972-PA-206,3,0
CG6424,CG6424-PA-1656,1,0
CG18304,CG18304-PA-1146,0,1
MBD-like,MBD-like-PA-924,64,0
CG9849,CG9849-PA-494,1,0
CG12863,CG12863-PA-391,1,0
CG30485,CG30485-PA-572,0,9
CG6843,CG6843-PA-973,1,0
membrin,membrin-PA-409,3,1
CG10936,CG10936-PA-1220,0,1
CG42363,CG42363-PA-97,0,1
Amph,Amph-PA-231,0,7
CG15094,CG15094-PA-1368,0,6
CG7265,CG7265-PA-499,0,2
CG8298,CG8298-PA-1344,0,11
Pld,Pld-PA-1507,1,0
bsf,bsf-PA-3744,20,53
CG32846,CG32846-PA-975,1,0
S2P,S2P-PA-1182,0,2
CG32944,CG32944-PE-478,0,1
CG15747,CG15747-PA-156,0,1
CG42844,CG42844-PA-119,3,0
l(2)06496,l(2)06496-PA-508,6,0
sro,sro-PA-457,2,0
unc-104,unc-104-PB-4742,1,0
l(2)01810,l(2)01810-PA-861,3,0
Best2,Best2-PA-1819,1,1
hoe2,hoe2-PA-2190,1,0
A2bp1,A2bp1-PE-1772,0,2
Fbp1,Fbp1-PA-1599,6,2
Trl,Trl-PA-820,0,3
CG4729,CG4729-PA-256,7,8
CG32685,CG32685-PC-3761,7,0
Duox,Duox-PB-2829,2,0
opa1-like,opa1-like-PA-1635,2,0
CG4502,CG4502-PA-685,1,0
Cypl,Cypl-PA-207,2,0
U3-55K,U3-55K-PA-646,5,0
Dip-B,Dip-B-PA-1178,2,0
CG31104,CG31104-PA-1128,0,2
CG8854,CG8854-PB-987,2,2
Gdi,Gdi-PA-744,221,0
Ptth,Ptth-PB-288,0,1
CG18155,CG18155-PB-908,0,1
Unc-89,Unc-89-PB-12273,1,0
ClC-b,ClC-b-PA-1114,0,2
corn,corn-PB-2298,2,2
CG1140,CG1140-PA-1165,21,5
ade3,ade3-PA-3544,16,16
shark,shark-PA-1545,0,3
CG42321,CG42321-PE-2441,0,1
ema,ema-PA-1060,1,0
dmt,dmt-PA-2491,7,3
CG8852,CG8852-PA-234,0,1
ppk,ppk-PA-1691,0,2
CG18213,CG18213-PB-2557,1,0
Ctf4,Ctf4-PA-2602,0,1
LRP1,LRP1-PC-13832,1,0
ref(2)P,ref(2)P-PA-987,5,9
CG7131,CG7131-PA-1257,0,1
CG33203,CG33203-PB-1251,0,19
mud,mud-PH-5839,0,4
RecQ5,RecQ5-PB-3126,0,66
Best1,Best1-PA-1357,0,2
Hsp60,Hsp60-PA-1252,2,0
CG14984,CG14984-PB-129,0,2
caup,caup-PA-2028,66,101
caup,caup-PA-2020,25,22
CG32847,CG32847-PB-474,1,0
Ptpa,Ptpa-PA-72,7,0
DOR,DOR-PA-664,0,1
poe,poe-PA-15026,3,2
CG30457,CG30457-PA-304,3,0
CG15093,CG15093-PA-46,0,1
CG6543,CG6543-PA-586,1,0
fra,fra-PA-3054,0,1
Mcm6,Mcm6-PA-1978,0,1
Spt5,Spt5-PA-1235,0,1
por,por-PA-910,2,0
CG12746,CG12746-PB-471,10,3
Sans,Sans-PA-1285,0,5
CG7311,CG7311-PD-585,2,0
E(z),E(z)-PA-1631,0,4
CG3419,CG3419-PA-2103,6,3
CG10341,CG10341-PA-1551,1,0
CG14478,CG14478-PA-496,0,1
CG11897,CG11897-PA-2072,0,8
CG15784,CG15784-PA-1611,0,1
CG15784,CG15784-PA-1615,0,6
Tsp74F,Tsp74F-PA-357,6,6
lt,lt-PA-1516,14,0
Ocho,Ocho-PB-36,0,1
rost,rost-PA-498,1,0
CG17841,CG17841-PA-817,2,1
CG10324,CG10324-PA-1047,2,0
apt,apt-PA-121,0,1
apt,apt-PA-123,0,2
Cpr67Fa2,Cpr67Fa2-PA-12,0,4
CG31755,CG31755-PB-3829,1,0
CG4495,CG4495-PA-831,0,1
Syx6,Syx6-PB-418,0,1
CG13613,CG13613-PC-171,0,3
cora,cora-PA-3052,1,0
CG8298,CG8298-PA-1425,3,0
CG1434,CG1434-PA-696,0,1
dco,dco-PA-1155,5,4
primo-1,primo-1-PA-273,2,3
CG2950,CG2950-PA-1050,45,0
Hrd3,Hrd3-PA-2154,181,142
Hsc70-4,Hsc70-4-PA-1327,10,16
Rop,Rop-PA-1146,0,3
CG4680,CG4680-PA-730,0,1
Hsf,Hsf-PA-1642,1,0
CG14230,CG14230-PA-1327,0,3
CG32365,CG32365-PA-1740,4,10
CG3632,CG3632-PE-2578,0,55
CG3530,CG3530-PA-1695,1,7
Ir56d,Ir56d-PA-1690,1,0
CG3868,CG3868-PA-609,2,0
CG10559,CG10559-PB-257,4,0
CG32107,CG32107-PB-2865,1,0
stan,stan-PA-6152,5,0
CG5037,CG5037-PA-690,0,11
CG14997,CG14997-PA-1248,182,68
nau,nau-PA-271,0,2
CG11089,CG11089-PA-1500,31,31
Mt2,Mt2-PA-345,5,8
TepIII,TepIII-PA-3279,1,0
CG3262,CG3262-PD-268,8,0
l(2)06496,l(2)06496-PA-424,3,2
CG11208,CG11208-PA-252,0,12
CG10089,CG10089-PD-1300,3,0
l(1)G0196,l(1)G0196-PI-4835,2,5
CG9853,CG9853-PA-694,11,17
Dhc36C,Dhc36C-PB-11322,1,0
CG31812,CG31812-PB-452,1,1
Kr-h1,Kr-h1-PA-1317,0,1
HmgD,HmgD-PC-18,1,0
CG12863,CG12863-PA-408,52,0
Ars2,Ars2-PA-2213,0,1
Cep97,Cep97-PB-2094,34,14
CG18538,CG18538-PA-307,5,0
synj,synj-PA-2238,6,0
CG7509,CG7509-PA-808,1,0
CG34400,CG34400-PC-567,1,0
CG9961,CG9961-PA-113,1,0
CG15753,CG15753-PB-867,0,1
GluRIIC,GluRIIC-PC-105,1,0
alph,alph-PE-1085,6,2
NK7.1,NK7.1-PA-2104,1,7
CG5189,CG5189-PA-221,0,1
CG30116,CG30116-PA-3227,1,0
Tret1-1,Tret1-1-PA-1872,1,0
CG12393,CG12393-PA-274,0,1
Act57B,Act57B-PA-939,43,0
CG11162,CG11162-PA-709,0,90
hdc,hdc-PC-3217,1,0
Cap-D3,Cap-D3-PA-2055,0,1
Cht6,Cht6-PC-4030,1,0
CG3939,CG3939-PA-249,0,141
pod1,pod1-PA-2129,0,1
cdc16,cdc16-PA-1594,1,0
CG1273,CG1273-PB-1968,0,1
Es2,Es2-PA-1301,0,1
Rpb5,Rpb5-PA-51,3,0
CG6761,CG6761-PA-781,1,0
shot,shot-PH-13038,0,3
CG11668,CG11668-PA-1169,0,3
CG9107,CG9107-PA-75,15,82
Sema-1b,Sema-1b-PA-753,1,0
CG15099,CG15099-PA-6960,0,1
Caf1-180,Caf1-180-PB-765,1,0
CG10359,CG10359-PE-661,9,0
Gs1,Gs1-PB-749,0,6
CG1827,CG1827-PB-840,0,2
CG4610,CG4610-PA-1603,0,2
Ugt86Di,Ugt86Di-PA-856,0,3
wapl,wapl-PA-5113,7,6
CG7376,CG7376-PA-912,0,4
mbc,mbc-PA-3663,20,0
CG1896,CG1896-PA-508,0,6
Ir54a,Ir54a-PA-958,1,0
poe,poe-PA-12892,1,0
JHDM2,JHDM2-PA-2185,15,0
fidipidine,fidipidine-PA-1473,0,2
CG30085,CG30085-PA-3007,1,0
nmd,nmd-PA-412,22,9
CG9986,CG9986-PA-471,2,0
CG8664,CG8664-PA-345,0,2
ck,ck-PA-5838,0,1
ppan,ppan-PA-249,4,2
NaPi-T,NaPi-T-PA-1185,1,0
Cdc6,Cdc6-PA-1860,1,1
List,List-PD-1317,1,0
Gr36c,Gr36c-PA-91,1,1
CG8297,CG8297-PA-351,20,14
Hsc70Cb,Hsc70Cb-PA-396,2,3
Smc5,Smc5-PE-2869,5,16
CG33276,CG33276-PB-136,38,58
CG34234,CG34234-PA-23,0,1
Camta,Camta-PB-4651,0,1
CG10625,CG10625-PA-15,0,1
pigs,pigs-PA-417,1,0
CG5144,CG5144-PA-588,2,0
CG17712,CG17712-PA-450,1,0
neb,neb-PA-3294,1,0
enok,enok-PA-6403,0,1
Taf1,Taf1-PA-1236,0,31
Rack1,Rack1-PA-123,0,16867
pre-mod(mdg4)-V,pre-mod(mdg4)-V-PA-191,1,0
lig,lig-PA-3394,6,3
Tret1-1,Tret1-1-PA-2110,0,1
fj,fj-PA-267,1,0
SRm160,SRm160-PA-2506,4,0
CG7747,CG7747-PA-1362,0,4
CG4496,CG4496-PA-909,4,0
Mst36Fa,Mst36Fa-PC-1422,0,3
CG32855,CG32855-PA-88,1,0
Es2,Es2-PA-613,0,6
CG10005,CG10005-PA-225,8,0
CG11526,CG11526-PA-2145,0,2
CG9953,CG9953-PA-939,14,16
CG14786,CG14786-PA-2823,0,6
CG13775,CG13775-PA-1794,3,0
Stam,Stam-PA-1788,1,0
CG10960,CG10960-PA-267,2,1
nonA,nonA-PA-1744,2,0
CG13599,CG13599-PA-351,1,0
salr,salr-PA-2530,0,1
CG8771,CG8771-PB-4900,2,0
Osi17,Osi17-PA-703,0,2
Or22b,Or22b-PA-1092,3,0
vir,vir-PA-5248,0,34
CG4041,CG4041-PB-2358,0,1
CG10344,CG10344-PA-165,1,0
CG13436,CG13436-PA-1272,5,0
Ranbp21,Ranbp21-PA-3045,0,3
Alh,Alh-PA-4018,1,2
CG5384,CG5384-PA-409,0,2
l(2)34Fd,l(2)34Fd-PA-444,1,0
CG31075,CG31075-PA-709,0,1
Trf2,Trf2-PE-4979,1,5
alphaTub67C,alphaTub67C-PA-639,1,2
CG6841,CG6841-PA-2485,0,1
Gycbeta100B,Gycbeta100B-PA-1659,11,0
Lsd-1,Lsd-1-PA-946,0,1
CG14785,CG14785-PA-798,0,9
CG31205,CG31205-PB-49,0,1
l(2)tid,l(2)tid-PA-855,1,0
CG14683,CG14683-PA-147,1,3
Fbp1,Fbp1-PA-2526,2,15
CG34295,CG34295-PA-156,168,0
MED30,MED30-PA-844,6,0
CG3223,CG3223-PA-1140,10,23
not,not-PB-680,0,3
CG3223,CG3223-PA-1149,4,0
CG6509,CG6509-PA-5307,1,6
enok,enok-PA-5559,0,1
enok,enok-PA-5553,0,1
melt,melt-PB-2923,0,1
CG42342,CG42342-PC-577,0,1
Atg1,Atg1-PA-1696,2,0
waw,waw-PA-1895,2,0
CG1146,CG1146-PA-153,0,21
edl,edl-PA-408,44,52
CG8602,CG8602-PA-1360,1,0
mars,mars-PA-2655,0,15
CG10650,CG10650-PA-840,4,0
CG2310,CG2310-PA-675,1,0
wol,wol-PA-447,7,0
wb,wb-PB-9763,0,1
CG1941,CG1941-PA-378,7,0
CG9886,CG9886-PA-1080,8,1
mthl10,mthl10-PA-926,9,0
CG14997,CG14997-PA-876,3,17
pgant3,pgant3-PA-1464,2,1
Drp1,Drp1-PA-1702,2,2
CG1311,CG1311-PA-1224,7,0
zf30C,zf30C-PA-1498,4,1
EfSec,EfSec-PA-34,0,3
milt,milt-PA-1944,0,1
CG3348,CG3348-PA-29,2,0
CG30120,CG30120-PB-728,1,0
Sc2,Sc2-PA-535,2,0
CG9350,CG9350-PA-465,98,0
brp,brp-PD-541,0,4
CG10467,CG10467-PA-964,0,51
RhoGAP92B,RhoGAP92B-PA-2074,0,172
mys,mys-PA-1302,2,0
Tango14,Tango14-PA-342,7,2
CG43195,CG43195-PA-384,1,0
CG15414,CG15414-PA-634,1,2
MED14,MED14-PA-4197,4,0
hang,hang-PA-4353,0,1
sub,sub-PA-934,2,4
CG43112,CG43112-PA-80,1,0
CG12018,CG12018-PA-1249,0,1
CG7099,CG7099-PA-303,0,2
Pde8,Pde8-PA-2583,2,2
Rtnl1,Rtnl1-PF-487,3,0
pall,pall-PA-684,36,0
Fit1,Fit1-PA-732,0,1
sec6,sec6-PA-1606,0,1
CG12974,CG12974-PA-331,0,2
CG8388,CG8388-PA-287,2,0
CG14299,CG14299-PC-6261,1,1
CG3703,CG3703-PA-1036,1,0
CG6488,CG6488-PA-566,1,0
bou,bou-PA-205,3,0
Nop60B,Nop60B-PG-650,25,0
CG5802,CG5802-PA-684,1,3
Ubpy,Ubpy-PA-2263,6,5
EfSec,EfSec-PA-263,1,0
CG2453,CG2453-PA-729,6,0
Liprin-beta,Liprin-beta-PA-2000,1,2
CG14997,CG14997-PA-64,2,2
eIF2B-beta,eIF2B-beta-PA-732,2,0
CG34133,CG34133-PB-1876,1,0
CG4098,CG4098-PA-657,52,22
CG14408,CG14408-PA-1843,0,1
ems,ems-PA-375,0,1
CG6353,CG6353-PA-135,18,15
Art8,Art8-PA-1006,0,1
sowah,sowah-PD-363,0,5
wls,wls-PA-561,0,4
app,app-PL-1998,6,9
ATPsyn-d,ATPsyn-d-PA-379,32,32
Hel25E,Hel25E-PA-234,14,29
mRpL33,mRpL33-PA-32,0,1
Der-1,Der-1-PA-360,0,2
sec15,sec15-PA-1668,0,1
Gr64b,Gr64b-PA-831,0,2
CG4497,CG4497-PA-1080,1,0
CG31029,CG31029-PA-2493,3,1
CG14605,CG14605-PA-45,0,7
CG14120,CG14120-PA-2555,0,4
CG7156,CG7156-PA-2023,0,1
Ero1L,Ero1L-PB-571,0,2
CG11961,CG11961-PA-1697,8,12
sick,sick-PE-748,0,3
CG42269,CG42269-PE-1719,0,24
CG10948,CG10948-PC-2227,7,0
mus304,mus304-PA-527,1,0
otp,otp-PC-543,0,1
CG17672,CG17672-PA-457,1,1
Hmgs,Hmgs-PA-217,1,0