CATGAACTTGGTGTGGCGGGT,RpL36,PD,130,SAM
CATGAACTTGGTGTGGCGGGT,RpL36,PB,130,SAM
CATGAACTTGGTGTGGCGGGT,RpL36,PA,130,SAM
CATGAACTTGGTGTGGCGGGT,RpL36,PC,130,SAM
CATGAACTTGGTGTGGCGGGT,RpL36,PC,130,ORE
CATGCCACCGATAAGGAGATC,CG9153,PA,370,SAM
CATGCCACCGATAAGGAGATC,CG9153,PB,370,ORE
CATGCCACCGATAAGGAGATC,CG9153,PB,370,SAM
CATGGCCATGGCCATGGACAT,CG15784,PA,1627,SAM
CATGGCCATGGCCATGGACAT,CG15784,PA,1633,ORE
CATGGACATGGACATGGACAT,Anxb11,PB,427,SAM
CATGGACATGGACATGGACAT,Anxb11,PB,433,SAM
CATGGACATGGACATGGACAT,Anxb11,PB,439,ORE
CATGGACATGGACATGGACAT,Anxb11,PB,439,SAM
CATGAACTTGGTGTGGAGGGT,RpL36,PB,130,SAM
CATGAACTTGGTGTGGAGGGT,RpL36,PD,130,SAM
CATGAACTTGGTGTGGAGGGT,RpL36,PA,130,SAM
CATGAACTTGGTGTGGAGGGT,RpL36,PC,130,ORE
CATGAACTTGGTGTGGAGGGT,RpL36,PC,130,SAM
CATGAAGAGTGTCCTGCAGGC,CG2930,PD,2148,ORE
CATGAAGAGTGTCCTGCAGGC,CG2930,PB,2142,ORE
CATGAAGAGTGTCCTGCAGGC,CG2930,PB,2142,SAM
CATGAAGAGTGTCCTGCAGGC,CG2930,PA,2142,ORE
CATGAAGAGTGTCCTGCAGGC,CG2930,PA,2142,SAM
CATGAACTTGGTGGGGCGGGT,RpL36,PD,130,SAM
CATGAACTTGGTGGGGCGGGT,RpL36,PB,130,SAM
CATGAACTTGGTGGGGCGGGT,RpL36,PA,130,SAM
CATGAACTTGGTGGGGCGGGT,RpL36,PC,130,SAM
CATGAACTTGGTGGGGCGGGT,RpL36,PC,130,ORE
CATGAACTTGGAGTGGCGGGT,RpL36,PD,130,SAM
CATGAACTTGGAGTGGCGGGT,RpL36,PB,130,SAM
CATGAACTTGGAGTGGCGGGT,RpL36,PA,130,SAM
CATGAACTTGGAGTGGCGGGT,RpL36,PC,130,ORE
CATGAACTTGGAGTGGCGGGT,RpL36,PC,130,SAM
CATGAAATTGGTGTGGCGGGT,RpL36,PB,130,SAM
CATGAAATTGGTGTGGCGGGT,RpL36,PD,130,SAM
CATGAAATTGGTGTGGCGGGT,RpL36,PA,130,SAM
CATGAAATTGGTGTGGCGGGT,RpL36,PC,130,ORE
CATGAAATTGGTGTGGCGGGT,RpL36,PC,130,SAM
CATGCAAAACTGAGCCACCCA,Sgs4,PB,455,SAM
CATGCAAAACTGAGCCACCCA,Sgs4,PB,287,ORE
CATGCAAAACTGAGCCACCCA,Sgs4,PB,224,ORE
CATGCAAAACTGAGCCACCCA,Sgs4,PB,329,ORE
CATGCAAAACTGAGCCACCCA,Sgs4,PB,476,SAM
CATGCAAAACTGAGCCACCCA,Sgs4,PB,476,ORE
CATGCAAAACTGAGCCACCCA,Sgs4,PB,497,ORE
CATGCAAAACTGAGCCACCCA,Sgs4,PB,497,SAM
CATGATTCAGTTTCAGTTTCT,Cht6,PC,11748,SAM
CATGATTCAGTTTCAGTTTCT,Cht6,PH,4866,SAM
CATGATTCAGTTTCAGTTTCT,Cht6,PJ,11748,SAM
CATGATTCAGTTTCAGTTTCT,Cht6,PI,5913,ORE
CATGATTCAGTTTCAGTTTCT,Cht6,PI,5913,SAM
CATGCCACTGATAAGGAGATC,CG9153,PA,370,SAM
CATGCCACTGATAAGGAGATC,CG9153,PB,370,SAM
CATGCCACTGATAAGGAGATC,CG9153,PB,370,ORE
CATGAACTTGGTGTGGCGNGT,RpL36,PA,130,SAM
CATGAACTTGGTGTGGCGNGT,RpL36,PD,130,SAM
CATGAACTTGGTGTGGCGNGT,RpL36,PB,130,SAM
CATGAACTTGGTGTGGCGNGT,RpL36,PC,130,ORE
CATGAACTTGGTGTGGCGNGT,RpL36,PC,130,SAM
CATGAACTTGGTGTGGCGGTT,RpL36,PD,130,SAM
CATGAACTTGGTGTGGCGGTT,RpL36,PB,130,SAM
CATGAACTTGGTGTGGCGGTT,RpL36,PA,130,SAM
CATGAACTTGGTGTGGCGGTT,RpL36,PC,130,SAM
CATGAACTTGGTGTGGCGGTT,RpL36,PC,130,ORE
CATGAACTTGGTGTGGCGGCT,RpL36,PD,130,SAM
CATGAACTTGGTGTGGCGGCT,RpL36,PB,130,SAM
CATGAACTTGGTGTGGCGGCT,RpL36,PA,130,SAM
CATGAACTTGGTGTGGCGGCT,RpL36,PC,130,ORE
CATGAACTTGGTGTGGCGGCT,RpL36,PC,130,SAM
CATGACCTTGGTGTGGCGGGT,RpL36,PD,130,SAM
CATGACCTTGGTGTGGCGGGT,RpL36,PB,130,SAM
CATGACCTTGGTGTGGCGGGT,RpL36,PA,130,SAM
CATGACCTTGGTGTGGCGGGT,RpL36,PC,130,ORE
CATGACCTTGGTGTGGCGGGT,RpL36,PC,130,SAM
CATGAACTTGGGGTGGCGGGT,RpL36,PD,130,SAM
CATGAACTTGGGGTGGCGGGT,RpL36,PB,130,SAM
CATGAACTTGGGGTGGCGGGT,RpL36,PA,130,SAM
CATGAACTTGGGGTGGCGGGT,RpL36,PC,130,ORE
CATGAACTTGGGGTGGCGGGT,RpL36,PC,130,SAM
CATGGGACTTGGACTTGGACC,CG13954,PB,1896,ORE
CATGGGACTTGGACTTGGACC,CG13954,PB,1902,SAM
CATGGGACTTGGACTTGGACC,CG13954,PB,1902,ORE
CATGAACTGGGTGTGGCGGGT,RpL36,PD,130,SAM
CATGAACTGGGTGTGGCGGGT,RpL36,PB,130,SAM
CATGAACTGGGTGTGGCGGGT,RpL36,PA,130,SAM
CATGAACTGGGTGTGGCGGGT,RpL36,PC,130,SAM
CATGAACTGGGTGTGGCGGGT,RpL36,PC,130,ORE
CATGAAGTTGGTGTGGCGGGT,RpL36,PD,130,SAM
CATGAAGTTGGTGTGGCGGGT,RpL36,PB,130,SAM
CATGAAGTTGGTGTGGCGGGT,RpL36,PA,130,SAM
CATGAAGTTGGTGTGGCGGGT,RpL36,PC,130,ORE
CATGAAGTTGGTGTGGCGGGT,RpL36,PC,130,SAM
CATGCACTTGGTGTGTCGGGT,RpL36,PB,130,SAM
CATGCACTTGGTGTGTCGGGT,RpL36,PD,130,SAM
CATGCACTTGGTGTGTCGGGT,RpL36,PA,130,SAM
CATGCACTTGGTGTGTCGGGT,RpL36,PC,130,ORE
CATGCACTTGGTGTGTCGGGT,RpL36,PC,130,SAM
CATGCAAAACAAGCCACCCTC,Sgs4,PB,371,SAM
CATGCAAAACAAGCCACCCTC,Sgs4,PB,287,SAM
CATGCAAAACAAGCCACCCTC,Sgs4,PB,434,SAM
CATGCAAAACAAGCCACCCTC,Sgs4,PB,434,ORE
CATGCCACCGACAAGGAGATC,CG9153,PA,370,SAM
CATGCCACCGACAAGGAGATC,CG9153,PB,370,ORE
CATGCCACCGACAAGGAGATC,CG9153,PB,370,SAM
CATGAACACAAACAAGGAACG,CG34161,PB,183,SAM
CATGAACACAAACAAGGAACG,CG34161,PC,198,ORE
CATGAACACAAACAAGGAACG,CG34161,PC,198,SAM
CATGAACACAAACAAGGAACG,CG34161,PA,198,SAM
CATGAACACAAACAAGGAACG,CG34161,PA,198,ORE
CATGCCAACGATAAGGAGATC,CG9153,PA,370,SAM
CATGCCAACGATAAGGAGATC,CG9153,PB,370,SAM
CATGCCAACGATAAGGAGATC,CG9153,PB,370,ORE
